Event,Date,Race_time,Distance,Laps,Rang,Bib,ID,UCI_Class_code,NOC,Team,Time,Lapped,Velocity,Gender,Class
2014-Greenville-Wch,31/8/14,8:02,61.2,6,13,68,14,MC2,GHANA,GHA,- 2 laps,1,- 2 laps,M,C2
2014-Greenville-Wch,31/8/14,10:30,81.6,8,18,157,145,MC5,CHINA,CHN,- 2 laps,1,- 2 laps,M,C5
2014-Greenville-Wch,31/8/14,10:32,51,5,7,435,174,WC2,JAPAN,JPN,- 2 laps,1,- 2 laps,W,C2
2014-Greenville-Wch,31/8/14,8:02,61.2,6,7,455,116,WC4,USA,USA,- 2 laps,1,- 2 laps,W,C4
2013-Matane-Wcup,25/3/13,8:00,66.4,8,17,26,468,MC2,INDEPENDANT,USA,- 4 laps,1,- 4 laps,M,C2
2013-Matane-Wcup,25/3/13,10:30,83,10,15,92,482,MC3,INDEPENDANT,USA,- 4 laps,1,- 4 laps,M,C3
2013-Matane-Wcup,25/3/13,8:00,66.4,8,5,31,83,WC4,SOUTH AFRICA,RSA,- 4 laps,1,- 4 laps,W,C4
2016-Basque-WCup-V2,17/7/16,11:47,70,7,14,121,68,MC3,FRA,INDEPENDANT,- 6 laps,1,- 6 laps,M,C3
2018-Maniago-Wch,5/8/18,9:04,68,5,18,57,157,MC1,RUS,RUSSIA,-1 Lap,1,-1 Lap,M,C1
2018-Emmen-Wcup,8/7/18,16:45,63,10,12,72,157,MC1,RUS,RUSSIA,-1 Lap,1,-1 Lap,M,C1
2011-Roskilde-Wchamp,10/9/11,16:00,61.5,4,11,13,170,MC1,POL,POLAND,-1 Lap,1,-1 Lap,M,C1
2018-Emmen-Wcup,8/7/18,16:45,63,10,11,33,231,MC1,BEL,BELGIUM,-1 Lap,1,-1 Lap,M,C1
2017-PMB-WCh,3/9/17,8:00,60.7,10,10,31,285,MC1,USA,USA,-1 Lap,1,-1 Lap,M,C1
2014-Segovia_Wcup,27/7/14,11:02,64,8,11,51,285,MC1,USA,USA,-1 Lap,1,-1 Lap,M,C1
2017-PMB-WCh,3/9/17,8:00,60.7,10,9,32,318,MC1,USA,USA,-1 Lap,1,-1 Lap,M,C1
2018-BaieComeau-Wcup,19/8/18,8:00,56.7,6,11,24,322,MC1,CUB,CUBA,-1 Lap,1,-1 Lap,M,C1
2018-Emmen-Wcup,8/7/18,16:45,63,10,13,31,324,MC1,ARG,ARGENTINA,-1 Lap,1,-1 Lap,M,C1
2017-PMB-WCh,3/9/17,8:00,60.7,10,11,21,324,MC1,ARG,ARGENTINA,-1 Lap,1,-1 Lap,M,C1
2014-Segovia_Wcup,27/7/14,11:02,64,8,9,41,324,MC1,ARGENTINA,ARG,-1 Lap,1,-1 Lap,M,C1
2011-Roskilde-Wchamp,10/9/11,16:00,61.5,4,10,7,361,MC1,DEN,DENMARK,-1 Lap,1,-1 Lap,M,C1
2016-Ostend-Wcup,22/5/16,9:02,66.8,8,8,49,452,MC1,ITA,ITALY,-1 Lap,1,-1 Lap,M,C1
2012-Segovia-Wcup,17/6/12,11:00,60,5,7,2,514,MC1,AUSTRIA,AUT,-1 Lap,1,-1 Lap,M,C1
2016-PMB-Wcup,8/5/16,14:47,61.5,10,3,10,514,MC1,AUT,AUSTRIA,-1 Lap,1,-1 Lap,M,C1
2016-Ostend-Wcup,22/5/16,9:02,66.8,8,9,40,514,MC1,AUT,AUSTRIA,-1 Lap,1,-1 Lap,M,C1
2015-PMB-Wcup,13/9/15,8:02,55.4,9,6,21,514,MC1,AUT,AUSTRIA,-1 Lap,1,-1 Lap,M,C1
2016-Basque-WCup-V2,17/7/16,8:32,60,6,7,32,514,MC1,AUT,AUSTRIA,-1 Lap,1,-1 Lap,M,C1
2018-Emmen-Wcup,8/7/18,16:45,63,10,10,43,612,MC1,POR,INDIVIDUAL,-1 Lap,1,-1 Lap,M,C1
2016-Basque-WCup-V2,17/7/16,8:32,60,6,8,68,612,MC1,POR,INDEPENDANT,-1 Lap,1,-1 Lap,M,C1
2017-PMB-WCh,3/9/17,8:00,60.7,10,8,29,634,MC1,GER,GERMANY,-1 Lap,1,-1 Lap,M,C1
2011-Baie-ComeauWCup,10/7/11,8:00,57,5,7,7,639,MC1,USA,USA,-1 Lap,1,-1 Lap,M,C1
2018-Emmen-Wcup,8/7/18,16:45,63,10,14,32,643,MC1,AUT,AUSTRIA,-1 Lap,1,-1 Lap,M,C1
2018-BaieComeau-Wcup,19/8/18,8:00,56.7,6,10,21,643,MC1,AUT,AUSTRIA,-1 Lap,1,-1 Lap,M,C1
2017-PMB-WCh,3/9/17,8:00,60.7,10,12,23,643,MC1,AUT,AUSTRIA,-1 Lap,1,-1 Lap,M,C1
2017-Emmen-Wcup,2/7/17,9:02,71,10,12,31,643,MC1,AUT,AUSTRIA,-1 Lap,1,-1 Lap,M,C1
2016-PMB-Wcup,8/5/16,14:47,61.5,10,2,11,643,MC1,AUT,AUSTRIA,-1 Lap,1,-1 Lap,M,C1
2016-Ostend-Wcup,22/5/16,9:02,66.8,8,7,41,643,MC1,AUT,AUSTRIA,-1 Lap,1,-1 Lap,M,C1
2015-Elzach_Wcup,26/7/15,10:32,55.2,12,7,31,643,MC1,AUSTRIA,AUT,-1 Lap,1,-1 Lap,M,C1
2014-Segovia_Wcup,27/7/14,11:02,64,8,10,43,643,MC1,AUSTRIA,AUT,-1 Lap,1,-1 Lap,M,C1
2014-Segovia_Wcup,27/7/14,11:02,64,8,17,72,14,MC2,GHANA,GHA,-1 Lap,1,-1 Lap,M,C2
2014-Segovia_Wcup,27/7/14,11:02,64,8,16,66,19,MC2,INDEPENDANT,ESP,-1 Lap,1,-1 Lap,M,C2
2018-Emmen-Wcup,8/7/18,16:45,63,10,21,66,82,MC2,IRL,IRELAND,-1 Lap,1,-1 Lap,M,C2
2018-BaieComeau-Wcup,19/8/18,8:00,56.7,6,9,44,149,MC2,CRC,COSTA RICA,-1 Lap,1,-1 Lap,M,C2
2018-Emmen-Wcup,8/7/18,16:45,63,10,22,51,171,MC2,BEL,INDIVIDUAL,-1 Lap,1,-1 Lap,M,C2
2015-Maniago_Wcup,7/6/15,9:02,63.9,9,16,63,318,MC2,USA,USA,-1 Lap,1,-1 Lap,M,C2
2015-Nottwil-Wch,1/8/15,8:00,56,8,21,80,441,MC2,SLO,SLOVENIA,-1 Lap,1,-1 Lap,M,C2
2015-Maniago_Wcup,7/6/15,9:02,63.9,9,17,61,441,MC2,SLOVENIA,SLO,-1 Lap,1,-1 Lap,M,C2
2017-Emmen-Wcup,2/7/17,9:02,71,10,19,66,501,MC2,ITA,INDIVIDUAL,-1 Lap,1,-1 Lap,M,C2
2015-Elzach_Wcup,26/7/15,10:32,55.2,12,15,60,564,MC2,MALAYSIA,MAS,-1 Lap,1,-1 Lap,M,C2
2018-Emmen-Wcup,8/7/18,16:45,63,10,20,52,574,MC2,BEL,INDIVIDUAL,-1 Lap,1,-1 Lap,M,C2
2014-Castiglione-Wcup,11/5/14,11:32,65.1,8,23,66,578,MC2,INDEPENDANT,ITA,-1 Lap,1,-1 Lap,M,C2
2018-BaieComeau-Wcup,19/8/18,8:00,56.7,6,10,65,18,MC3,CHI,CHILE,-1 Lap,1,-1 Lap,M,C3
2013-Matane-Wcup,25/3/13,10:30,83,10,12,85,63,MC3,BELGIUM,BEL,-1 Lap,1,-1 Lap,M,C3
2016-Basque-WCup-V2,17/7/16,11:47,70,7,11,82,82,MC3,IRL,INDEPENDANT,-1 Lap,1,-1 Lap,M,C3
2014-Segovia_Wcup,27/7/14,11:00,64,8,24,106,82,MC3,IRELAND,IRL,-1 Lap,1,-1 Lap,M,C3
2016-Basque-WCup-V2,17/7/16,11:47,70,7,12,84,90,MC3,ITA,INDEPENDANT,-1 Lap,1,-1 Lap,M,C3
2015-Maniago_Wcup,7/6/15,12:15,85.2,12,20,73,237,MC3,INDEPENDANT,IND,-1 Lap,1,-1 Lap,M,C3
2014-Greenville-Wch,31/8/14,8:00,71.4,7,20,114,287,MC3,USA,USA,-1 Lap,1,-1 Lap,M,C3
2015-Elzach_Wcup,25/7/15,11:00,69,15,15,95,414,MC3,RUSSIA,RUS,-1 Lap,1,-1 Lap,M,C3
2017-PMB-WCh,3/9/17,8:00,60.7,10,15,87,415,MC3,RSA,SOUTH AFRICA,-1 Lap,1,-1 Lap,M,C3
2014-Castiglione-Wcup,11/5/14,11:30,81.3,10,18,452,539,MC3,CZECH REPUBLIC,CZE,-1 Lap,1,-1 Lap,M,C3
2015-Maniago_Wcup,7/6/15,12:15,85.2,12,19,78,541,MC3,GREAT BRITAIN,GRE,-1 Lap,1,-1 Lap,M,C3
2014-Castiglione-Wcup,11/5/14,11:30,81.3,10,17,462,542,MC3,IRELAND,IRL,-1 Lap,1,-1 Lap,M,C3
2018-Emmen-Wcup,8/7/18,16:45,63,10,15,105,569,MC3,POR,INDIVIDUAL,-1 Lap,1,-1 Lap,M,C3
2018-Emmen-Wcup,8/7/18,16:45,63,10,16,93,582,MC3,BEL,INDIVIDUAL,-1 Lap,1,-1 Lap,M,C3
2018-Emmen-Wcup,8/7/18,16:45,63,10,14,104,607,MC3,NED,NETHERLANDS,-1 Lap,1,-1 Lap,M,C3
2015-Elzach_Wcup,26/7/15,12:30,69,15,10,112,13,MC4,SPAIN,ESP,-1 Lap,1,-1 Lap,M,C4
2015-Nottwil-Wch,1/8/15,16:00,77.5,5,15,139,57,MC4,UKR,UKRAINE,-1 Lap,1,-1 Lap,M,C4
2014-Segovia_Wcup,27/7/14,16:00,80,10,18,137,60,MC4,ITALY,ITA,-1 Lap,1,-1 Lap,M,C4
2013-Baie-Comeau-Wcha,1/9/13,10:30,80,7,17,101,67,MC4,CANADA,CAN,-1 Lap,1,-1 Lap,M,C4
2011-SydneyWCup,4/5/11,8:30,73.5,8.5,10,44,69,MC4,CAN,CAN,-1 Lap,1,-1 Lap,M,C4
2016-Basque-WCup-V2,17/7/16,11:45,80,8,10,112,99,MC4,POR,INDEPENDANT,-1 Lap,1,-1 Lap,M,C4
2015-Maniago_Wcup,7/6/15,9:00,85.2,12,16,115,99,MC4,PORTUGAL,POR,-1 Lap,1,-1 Lap,M,C4
2015-PMB-Wcup,13/9/15,8:00,73.8,12,10,77,129,MC4,RSA,SOUTH AFRICA,-1 Lap,1,-1 Lap,M,C4
2018-BaieComeau-Wcup,19/8/18,10:15,85.1,9,8,87,176,MC4,LAT,INDIVIDUAL,-1 Lap,1,-1 Lap,M,C4
2017-Ostend-Wcup,21/5/17,9:00,80,10,15,116,185,MC4,GBR,INDIVIDUAL,-1 Lap,1,-1 Lap,M,C4
2017-PMB-WCh,3/9/17,10:30,85,14,11,102,213,MC4,BRA,BRAZIL,-1 Lap,1,-1 Lap,M,C4
2015-Elzach_Wcup,26/7/15,12:30,69,15,12,114,230,MC4,INDEPENDANT,GER,-1 Lap,1,-1 Lap,M,C4
2018-BaieComeau-Wcup,19/8/18,10:15,85.1,9,7,83,233,MC4,ESP,SPAIN,-1 Lap,1,-1 Lap,M,C4
2013-Baie-Comeau-Wcha,1/9/13,10:30,80,7,16,102,240,MC4,CHINA,CHN,-1 Lap,1,-1 Lap,M,C4
2012-Baie-Comeau-Wcup,8/7/12,10:00,80,7,2,33,322,MC4,CUBA,CUB,-1 Lap,1,-1 Lap,M,C4
2011-Baie-ComeauWCup,10/7/11,10:30,79.8,7,14,57,322,MC4,CUB,CUBA,-1 Lap,1,-1 Lap,M,C4
2016-Basque-WCup-V2,17/7/16,11:45,80,8,11,105,372,MC4,ESP,INDEPENDANT,-1 Lap,1,-1 Lap,M,C4
2015-Maniago_Wcup,7/6/15,9:00,85.2,12,17,117,394,MC4,RUSSIA,RUS,-1 Lap,1,-1 Lap,M,C4
2017-PMB-WCh,3/9/17,10:30,85,14,13,106,399,MC4,ESP,SPAIN,-1 Lap,1,-1 Lap,M,C4
2015-Nottwil-Wch,1/8/15,16:00,77.5,5,16,128,399,MC4,ESP,SPAIN,-1 Lap,1,-1 Lap,M,C4
2017-PMB-WCh,3/9/17,10:30,85,14,12,111,406,MC4,IRL,IRELAND,-1 Lap,1,-1 Lap,M,C4
2015-Maniago_Wcup,7/6/15,9:00,85.2,12,18,107,446,MC4,INDEPENDANT,IND,-1 Lap,1,-1 Lap,M,C4
2012-Rome-Wcup,26/5/12,9:00,75,15,12,90,503,MC4,GERMANY,GER,-1 Lap,1,-1 Lap,M,C4
2012-Rome-Wcup,26/5/12,9:00,75,15,12,90,503,MC4,GERMANY,GER,-1 Lap,1,-1 Lap,M,C4
2016-PMB-Wcup,8/5/16,14:47,67.7,11,2,30,548,MC4,CRC,COSTA RICA,-1 Lap,1,-1 Lap,M,C4
2014-Castiglione-Wcup,11/5/14,9:00,97.5,12,18,105,566,MC4,ROMANIA,ROU,-1 Lap,1,-1 Lap,M,C4
2016-PMB-Wcup,8/5/16,14:47,67.7,11,3,31,581,MC4,IRL,INDEPENDANT,-1 Lap,1,-1 Lap,M,C4
2015-Nottwil-Wch,1/8/15,16:00,77.5,5,14,132,588,MC4,MAS,MALAYSIA,-1 Lap,1,-1 Lap,M,C4
2015-Elzach_Wcup,26/7/15,12:30,69,15,11,117,588,MC4,MALAYSIA,MAS,-1 Lap,1,-1 Lap,M,C4
2018-Ostend_Wcup,6/5/18,9:00,80,10,15,135,589,MC4,POL,POLAND,-1 Lap,1,-1 Lap,M,C4
2014-Greenville-Wch,31/8/14,10:30,81.6,8,21,144,593,MC4,MEXICO,MEX,-1 Lap,1,-1 Lap,M,C4
2011-Baie-ComeauWCup,10/7/11,10:30,79.8,7,13,65,629,MC4,USA,INDEPENDANT,-1 Lap,1,-1 Lap,M,C4
2012-Rome-Wcup,26/5/12,9:00,75,15,18,132,1,MC5,JAPAN,JPN,-1 Lap,1,-1 Lap,M,C5
2018-Emmen-Wcup,8/7/18,14:15,88.2,14,19,162,7,MC5,ITA,ITALY,-1 Lap,1,-1 Lap,M,C5
2018-Maniago-Wch,5/8/18,9:00,81.6,6,18,193,12,MC5,UAE,UNITED ARAB,-1 Lap,1,-1 Lap,M,C5
2015-Yverdon-Wcup,16/6/15,10:30,58.12,4,22,154,30,MC5,USA,INDEPENDANT,-1 Lap,1,-1 Lap,M,C5
2015-Maniago_Wcup,7/6/15,9:00,85.2,12,14,133,35,MC5,INDEPENDANT,IND,-1 Lap,1,-1 Lap,M,C5
2018-Ostend_Wcup,6/5/18,9:00,80,10,18,168,51,MC5,POL,INDIVIDUAL,-1 Lap,1,-1 Lap,M,C5
2018-Emmen-Wcup,8/7/18,14:15,88.2,14,15,170,51,MC5,POL,INDIVIDUAL,-1 Lap,1,-1 Lap,M,C5
2015-Elzach_Wcup,26/7/15,12:30,69,15,15,143,76,MC5,INDEPENDANT,GER,-1 Lap,1,-1 Lap,M,C5
2018-Emmen-Wcup,8/7/18,14:15,88.2,14,16,163,84,MC5,ITA,ITALY,-1 Lap,1,-1 Lap,M,C5
2018-Emmen-Wcup,8/7/18,14:15,88.2,14,17,171,114,MC5,RSA,SOUTH AFRICA,-1 Lap,1,-1 Lap,M,C5
2017-PMB-WCh,3/9/17,10:30,85,14,13,142,123,MC5,RSA,SOUTH AFRICA,-1 Lap,1,-1 Lap,M,C5
2016-PMB-Wcup,8/5/16,14:47,67.7,11,2,42,123,MC5,RSA,SOUTH AFRICA,-1 Lap,1,-1 Lap,M,C5
2018-Emmen-Wcup,8/7/18,14:15,88.2,14,20,164,130,MC5,ITA,ITALY,-1 Lap,1,-1 Lap,M,C5
2017-PMB-WCh,3/9/17,10:30,85,14,14,139,130,MC5,ITA,ITALY,-1 Lap,1,-1 Lap,M,C5
2018-Emmen-Wcup,8/7/18,14:15,88.2,14,13,172,147,MC5,SRB,SERBIE,-1 Lap,1,-1 Lap,M,C5
2018-Maniago-Wch,5/8/18,9:00,81.6,6,17,191,147,MC5,SRB,SERBIE,-1 Lap,1,-1 Lap,M,C5
2014-Segovia_Wcup,27/7/14,16:00,80,10,21,163,188,MC5,INDEPENDANT,ESP,-1 Lap,1,-1 Lap,M,C5
2018-Emmen-Wcup,8/7/18,14:15,88.2,14,10,174,194,MC5,USA,USA,-1 Lap,1,-1 Lap,M,C5
2013-Segovia-Wcup,20/9/13,16:00,72,6,17,120,196,MC5,INDEPENDANT,ESP,-1 Lap,1,-1 Lap,M,C5
2014-Segovia_Wcup,27/7/14,16:00,80,10,19,171,197,MC5,GREAT BRITAIN,GBR,-1 Lap,1,-1 Lap,M,C5
2015-Elzach_Wcup,26/7/15,12:30,69,15,13,137,200,MC5,BRAZIL,BRA,-1 Lap,1,-1 Lap,M,C5
2018-Emmen-Wcup,8/7/18,14:15,88.2,14,14,160,208,MC5,GUY,GUYANA,-1 Lap,1,-1 Lap,M,C5
2015-Elzach_Wcup,26/7/15,12:30,69,15,14,142,210,MC5,INDEPENDANT,GBR,-1 Lap,1,-1 Lap,M,C5
2014-Segovia_Wcup,27/7/14,16:00,80,10,20,172,210,MC5,INDEPENDANT,GBR,-1 Lap,1,-1 Lap,M,C5
2014-Greenville-Wch,31/8/14,10:30,81.6,8,17,169,221,MC5,USA,USA,-1 Lap,1,-1 Lap,M,C5
2017-Ostend-Wcup,21/5/17,9:00,80,10,17,139,241,MC5,GBR,INDIVIDUAL,-1 Lap,1,-1 Lap,M,C5
2018-Ostend_Wcup,6/5/18,9:00,80,10,19,166,251,MC5,MAS,MALAYSIA,-1 Lap,1,-1 Lap,M,C5
2016-Basque-WCup-V2,17/7/16,11:45,80,8,14,138,265,MC5,GBR,INDEPENDANT,-1 Lap,1,-1 Lap,M,C5
2015-Maniago_Wcup,7/6/15,9:00,85.2,12,15,131,265,MC5,INDEPENDANT,IND,-1 Lap,1,-1 Lap,M,C5
2011-Baie-ComeauWCup,10/7/11,10:30,79.8,7,12,86,270,MC5,USA,USA,-1 Lap,1,-1 Lap,M,C5
2015-Elzach_Wcup,26/7/15,12:30,69,15,12,138,275,MC5,INDEPENDANT,CZE,-1 Lap,1,-1 Lap,M,C5
2014-Segovia_Wcup,27/7/14,16:00,80,10,18,162,275,MC5,INDEPENDANT,CZE,-1 Lap,1,-1 Lap,M,C5
2018-Emmen-Wcup,8/7/18,14:15,88.2,14,21,167,292,MC5,JPN,JAPAN,-1 Lap,1,-1 Lap,M,C5
2012-Rome-Wcup,26/5/12,9:00,75,15,19,137,295,MC5,RUSSIA,RUS,-1 Lap,1,-1 Lap,M,C5
2018-Maniago-Wch,5/8/18,9:00,81.6,6,15,182,325,MC5,INA,INDONESIA,-1 Lap,1,-1 Lap,M,C5
2018-Emmen-Wcup,8/7/18,14:15,88.2,14,11,156,443,MC5,FRA,INDIVIDUAL,-1 Lap,1,-1 Lap,M,C5
2016-Basque-WCup-V2,17/7/16,11:45,80,8,15,132,449,MC5,ESP,INDEPENDANT,-1 Lap,1,-1 Lap,M,C5
2011-SydneyWCup,4/5/11,8:30,73.5,8.5,9,67,485,MC5,NZL,NZL,-1 Lap,1,-1 Lap,M,C5
2015-Yverdon-Wcup,16/6/15,10:30,58.12,4,21,151,498,MC5,POR,INDEPENDANT,-1 Lap,1,-1 Lap,M,C5
2018-Maniago-Wch,5/8/18,9:00,81.6,6,15,183,499,MC5,INA,INDONESIA,-1 Lap,1,-1 Lap,M,C5
2018-Emmen-Wcup,8/7/18,14:15,88.2,14,18,154,567,MC5,ESP,INDIVIDUAL,-1 Lap,1,-1 Lap,M,C5
2018-Emmen-Wcup,8/7/18,14:15,88.2,14,12,152,609,MC5,BEL,INDIVIDUAL,-1 Lap,1,-1 Lap,M,C5
2015-PMB-Wcup,13/9/15,8:00,73.8,12,6,98,632,MC5,RSA,SOUTH AFRICA,-1 Lap,1,-1 Lap,M,C5
2018-Ostend_Wcup,5/5/18,9:00,32,4,7,341,45,MT1,CZE,CZECH REPUBLIC,-1 Lap,1,-1 Lap,M,T1
2017-PMB-WCh,2/9/17,13:30,30.4,5,4,251,45,MT1,CZE,CZECH REPUBLIC,-1 Lap,1,-1 Lap,M,T1
2017-Emmen-Wcup,1/7/17,10:30,28.4,4,5,291,45,MT1,CZE,CZECH REPUBLIC,-1 Lap,1,-1 Lap,M,T1
2016-Basque-WCup-V2,16/7/16,15:15,21.6,3,7,267,184,MT1,ESP,INDEPENDANT,-1 Lap,1,-1 Lap,M,T1
2017-Ostend-Wcup,20/5/17,9:00,24,3,6,314,193,MT1,FRA,INDIVIDUAL,-1 Lap,1,-1 Lap,M,T1
2012-Rome-Wcup,27/5/12,11:15,25,5,4,250,236,MT1,CZECH REPUBLIC,CZE,-1 Lap,1,-1 Lap,M,T1
2017-PMB-WCh,2/9/17,13:30,30.4,5,5,252,236,MT1,CZE,CZECH REPUBLIC,-1 Lap,1,-1 Lap,M,T1
2018-Ostend_Wcup,5/5/18,9:00,32,4,8,347,286,MT1,KOR,INDIVIDUAL,-1 Lap,1,-1 Lap,M,T1
2016-Basque-WCup-V2,16/7/16,15:15,21.6,3,8,272,309,MT1,USA,INDEPENDANT,-1 Lap,1,-1 Lap,M,T1
2017-PMB-WCh,2/9/17,13:30,30.4,5,2,253,363,MT1,ITA,ITALY,-1 Lap,1,-1 Lap,M,T1
2015-Maniago_Wcup,6/6/15,9:00,28.4,4,5,258,397,MT1,INDEPENDANT,IND,-1 Lap,1,-1 Lap,M,T1
2017-PMB-WCh,2/9/17,13:30,30.4,5,3,255,410,MT1,SWE,SWEDEN,-1 Lap,1,-1 Lap,M,T1
2012-Rome-Wcup,27/5/12,11:15,25,5,3,251,510,MT1,DENMARK,DEN,-1 Lap,1,-1 Lap,M,T1
2017-Maniago-Wcup,13/5/17,9:00,28.4,4,6,326,579,MT1,ITA,INDIVIDUAL,-1 Lap,1,-1 Lap,M,T1
2015-Maniago_Wcup,6/6/15,9:00,28.4,4,4,259,579,MT1,INDEPENDANT,IND,-1 Lap,1,-1 Lap,M,T1
2015-Maniago_Wcup,6/6/15,9:00,28.4,4,18,270,105,MT2,CZECH REPUBLIC,CZE,-1 Lap,1,-1 Lap,M,T2
2015-Elzach_Wcup,26/7/15,9:00,27.6,6,10,286,193,MT2,INDEPENDANT,FRA,-1 Lap,1,-1 Lap,M,T2
2015-Elzach_Wcup,26/7/15,9:00,27.6,6,8,290,345,MT2,INDEPENDANT,ROU,-1 Lap,1,-1 Lap,M,T2
2015-PMB-Wcup,12/9/15,14:30,24.6,4,8,187,350,MT2,USA,INDEPENDANT,-1 Lap,1,-1 Lap,M,T2
2015-Elzach_Wcup,26/7/15,9:00,27.6,6,9,292,350,MT2,INDEPENDANT,USA,-1 Lap,1,-1 Lap,M,T2
2015-Nottwil-Wch,1/8/15,11:00,28,4,11,304,459,MT2,CRO,CROATIA,-1 Lap,1,-1 Lap,M,T2
2014-Segovia_Wcup,27/7/14,11:02,64,8,2,382,6,WC2,SPAIN,ESP,-1 Lap,1,-1 Lap,W,C2
2018-Maniago-Wch,5/8/18,11:22,54.4,4,7,405,155,WC2,GRE,GREECE,-1 Lap,1,-1 Lap,W,C2
2018-Ostend_Wcup,6/5/18,12:17,48,6,5,414,174,WC2,JPN,JAPAN,-1 Lap,1,-1 Lap,W,C2
2015-Maniago_Wcup,7/6/15,12:17,56.8,8,5,335,269,WC2,SERBIE,SER,-1 Lap,1,-1 Lap,W,C2
2017-Emmen-Wcup,2/7/17,12:32,56.8,8,3,362,316,WC2,FIN,FINLAND,-1 Lap,1,-1 Lap,W,C2
2018-Emmen-Wcup,8/7/18,12:00,50.4,8,3,401,341,WC2,AUT,AUSTRIA,-1 Lap,1,-1 Lap,W,C2
2017-Emmen-Wcup,2/7/17,12:32,56.8,8,4,361,341,WC2,AUT,AUSTRIA,-1 Lap,1,-1 Lap,W,C2
2014-Segovia_Wcup,27/7/14,11:02,64,8,3,385,341,WC2,INDEPENDANT,GER,-1 Lap,1,-1 Lap,W,C2
2014-Greenville-Wch,31/8/14,10:32,51,5,6,431,421,WC2,ARGENTINA,ARG,-1 Lap,1,-1 Lap,W,C2
2015-Elzach_Wcup,25/7/15,11:02,46,10,4,331,492,WC2,CANADA,CAN,-1 Lap,1,-1 Lap,W,C2
2018-Maniago-Wch,5/8/18,11:22,54.4,4,5,423,32,WC3,MAS,MALAYSIA,-1 Lap,1,-1 Lap,W,C3
2018-Emmen-Wcup,8/7/18,12:00,50.4,8,3,424,97,WC3,GBR,INDIVIDUAL,-1 Lap,1,-1 Lap,W,C3
2015-Maniago_Wcup,7/6/15,12:17,56.8,8,5,344,215,WC3,INDEPENDANT,IND,-1 Lap,1,-1 Lap,W,C3
2014-Segovia_Wcup,27/7/14,11:02,64,8,2,391,507,WC3,GERMANY,GER,-1 Lap,1,-1 Lap,W,C3
2015-Nottwil-Wch,1/8/15,8:02,49,7,5,364,602,WC3,NED,NETHERLANDS,-1 Lap,1,-1 Lap,W,C3
2015-Elzach_Wcup,25/7/15,11:02,46,10,4,343,602,WC3,NETHERLANDS,NED,-1 Lap,1,-1 Lap,W,C3
2017-PMB-WCh,3/9/17,8:02,60.7,10,4,314,15,WC4,FRA,FRANCE,-1 Lap,1,-1 Lap,W,C4
2015-Nottwil-Wch,1/8/15,16:02,62,4,6,375,15,WC4,FRA,FRANCE,-1 Lap,1,-1 Lap,W,C4
2015-Elzach_Wcup,26/7/15,10:30,55.2,12,5,353,15,WC4,INDEPENDANT,FRA,-1 Lap,1,-1 Lap,W,C4
2014-Segovia_Wcup,27/7/14,16:02,64,8,7,405,15,WC4,INDEPENDANT,FRA,-1 Lap,1,-1 Lap,W,C4
2013-Segovia-Wcup,16/6/13,11:02,60,5,2,341,83,WC4,SOUTH AFRICA,RSA,-1 Lap,1,-1 Lap,W,C4
2011-SydneyWCup,5/5/11,8:32,53.7,NA,3,232,83,WC4,RSA,RSA,-1 Lap,1,-1 Lap,W,C4
2014-Segovia_Wcup,27/7/14,16:02,64,8,6,406,152,WC4,INDEPENDANT,GER,-1 Lap,1,-1 Lap,W,C4
2015-Elzach_Wcup,26/7/15,10:30,55.2,12,3,355,166,WC4,INDEPENDANT,USA,-1 Lap,1,-1 Lap,W,C4
2015-Elzach_Wcup,26/7/15,10:30,55.2,12,4,351,209,WC4,AUSTRALIA,AUS,-1 Lap,1,-1 Lap,W,C4
2018-Maniago-Wch,5/8/18,11:20,68,5,10,436,291,WC4,DEN,DENMARK,-1 Lap,1,-1 Lap,W,C4
2017-PMB-WCh,3/9/17,8:02,60.7,10,5,312,328,WC4,AUS,AUSTRALIA,-1 Lap,1,-1 Lap,W,C4
2014-Castiglione-Wcup,11/5/14,11:32,65.1,8,4,355,357,WC4,INDEPENDANT,NED,-1 Lap,1,-1 Lap,W,C4
2017-PMB-WCh,3/9/17,8:02,60.7,10,6,313,376,WC4,CAN,CANADA,-1 Lap,1,-1 Lap,W,C4
2014-Greenville-Wch,31/8/14,8:02,61.2,6,6,453,376,WC4,CANADA,CAN,-1 Lap,1,-1 Lap,W,C4
2014-Castiglione-Wcup,11/5/14,11:32,65.1,8,5,353,490,WC4,INDEPENDANT,ITA,-1 Lap,1,-1 Lap,W,C4
2017-Emmen-Wcup,2/7/17,12:32,71,10,6,383,502,WC4,GBR,GREAT BRITAIN,-1 Lap,1,-1 Lap,W,C4
2015-Nottwil-Wch,1/8/15,16:02,62,4,8,376,502,WC4,GBR,GREAT BRITAIN,-1 Lap,1,-1 Lap,W,C4
2015-PMB-Wcup,13/9/15,13:30,55.4,9,6,235,524,WC4,RUS,RUSSIA,-1 Lap,1,-1 Lap,W,C4
2015-Nottwil-Wch,1/8/15,16:02,62,4,7,378,524,WC4,RUS,RUSSIA,-1 Lap,1,-1 Lap,W,C4
2015-Maniago_Wcup,7/6/15,12:17,56.8,8,6,355,524,WC4,RUSSIA,RUS,-1 Lap,1,-1 Lap,W,C4
2015-Elzach_Wcup,26/7/15,10:30,55.2,12,6,354,524,WC4,RUSSIA,RUS,-1 Lap,1,-1 Lap,W,C4
2018-Maniago-Wch,5/8/18,11:20,68,5,9,439,576,WC4,RUS,RUSSIA,-1 Lap,1,-1 Lap,W,C4
2017-Maniago-Wcup,14/5/18,12:15,71,10,7,388,576,WC4,RUS,RUSSIA,-1 Lap,1,-1 Lap,W,C4
2018-Maniago-Wch,5/8/18,11:20,68,5,14,458,28,WC5,INA,INDONESIA,-1 Lap,1,-1 Lap,W,C5
2017-PMB-WCh,3/9/17,8:02,60.7,10,8,324,272,WC5,EST,ESTONIA,-1 Lap,1,-1 Lap,W,C5
2011-Roskilde-Wchamp,10/9/11,16:02,61.5,4,12,384,276,WC5,GRE,GREECE,-1 Lap,1,-1 Lap,W,C5
2018-BaieComeau-Wcup,19/8/18,8:02,56.7,6,8,321,378,WC5,BRA,INDIVIDUAL,-1 Lap,1,-1 Lap,W,C5
2015-Maniago_Wcup,7/6/15,12:17,56.8,8,5,362,425,WC5,INDEPENDANT,NED,-1 Lap,1,-1 Lap,W,C5
2015-PMB-Wcup,13/9/15,13:30,55.4,9,4,244,599,WC5,RSA,INDEPENDANT,-1 Lap,1,-1 Lap,W,C5
2014-Greenville-Wch,31/8/14,8:02,61.2,6,9,463,642,WC5,CHINA,CHN,-1 Lap,1,-1 Lap,W,C5
2015-Maniago_Wcup,6/6/15,9:02,21.3,3,4,432,139,WT1,CZECH REPUBLIC,CZE,-1 Lap,1,-1 Lap,W,T1
2014-Castiglione-Wcup,10/5/14,11:17,24.6,3,2,367,139,WT1,CZECH REPUBLIC,CZE,-1 Lap,1,-1 Lap,W,T1
2014-Segovia_Wcup,27/7/14,13:02,24,3,4,482,293,WT1,INDEPENDANT,CZE,-1 Lap,1,-1 Lap,W,T1
2016-Basque-WCup-V2,16/7/16,15:17,21.6,3,2,385,293,WT1,CZE,INDEPENDANT,-1 Lap,1,-1 Lap,W,T1
2014-Segovia_Wcup,27/7/14,13:02,24,3,3,485,346,WT1,SLOVAKIA,SVK,-1 Lap,1,-1 Lap,W,T1
2012-Segovia-Wcup,17/6/12,13:00,24,2,2,371,346,WT1,SLOVAKIA,SVK,-1 Lap,1,-1 Lap,W,T1
2013-Segovia-Wcup,31/7/13,13:00,24,2,2,402,346,WT1,SLOVAKIA,SVK,-1 Lap,1,-1 Lap,W,T1
2017-PMB-WCh,2/9/17,13:32,24.3,4,2,382,383,WT1,RSA,SOUTH AFRICA,-1 Lap,1,-1 Lap,W,T1
2015-PMB-Wcup,12/9/15,14:32,18.5,3,4,293,383,WT1,RSA,SOUTH AFRICA,-1 Lap,1,-1 Lap,W,T1
2014-Segovia_Wcup,27/7/14,13:02,24,3,2,484,435,WT1,RUSSIA,RUS,-1 Lap,1,-1 Lap,W,T1
2014-Segovia_Wcup,27/7/14,13:00,24,3,7,494,38,WT2,INDEPENDANT,FRA,-1 Lap,1,-1 Lap,W,T2
2018-Ostend_Wcup,5/5/18,9:02,32,4,6,564,132,WT2,NED,INDIVIDUAL,-1 Lap,1,-1 Lap,W,T2
2015-Nottwil-Wch,1/8/15,11:02,28,4,5,494,132,WT2,NED,NETHERLANDS,-1 Lap,1,-1 Lap,W,T2
2015-Elzach_Wcup,26/7/15,9:00,27.6,6,4,455,132,WT2,NETHERLANDS,NED,-1 Lap,1,-1 Lap,W,T2
2014-Segovia_Wcup,27/7/14,13:00,24,3,5,493,154,WT2,INDEPENDANT,CZE,-1 Lap,1,-1 Lap,W,T2
2015-Elzach_Wcup,26/7/15,9:00,27.6,6,5,453,154,WT2,INDEPENDANT,CZE,-1 Lap,1,-1 Lap,W,T2
2014-Segovia_Wcup,27/7/14,13:00,24,3,6,497,238,WT2,INDEPENDANT,USA,-1 Lap,1,-1 Lap,W,T2
2012-Rome-Wcup,27/5/12,11:15,25,5,4,431,273,WT2,CZECH REPUBLIC,CZE,-1 Lap,1,-1 Lap,W,T2
2015-PMB-Wcup,12/9/15,14:32,18.5,3,7,306,289,WT2,USA,INDEPENDANT,-1 Lap,1,-1 Lap,W,T2
2017-PMB-WCh,2/9/17,13:32,24.3,4,4,401,421,WT2,ARG,ARGENTINA,-1 Lap,1,-1 Lap,W,T2
2018-Emmen-Wcup,7/7/18,9:30,25.2,4,4,533,540,WT2,POL,POLAND,-1 Lap,1,-1 Lap,W,T2
2012-Rome-Wcup,26/5/12,9:00,75,15,14,83,223,MC4,CZECH REPUBLIC,CZE,-10 Laps,1,-10 Laps,M,C4
2012-Rome-Wcup,26/5/12,9:00,75,15,15,83,223,MC4,CZECH REPUBLIC,CZE,-10 Laps,1,-10 Laps,M,C4
2012-Rome-Wcup,26/5/12,9:00,75,15,15,94,588,MC4,MALAYSIA,MAS,-10 Laps,1,-10 Laps,M,C4
2012-Rome-Wcup,26/5/12,9:00,75,15,16,94,588,MC4,MALAYSIA,MAS,-10 Laps,1,-10 Laps,M,C4
2012-Rome-Wcup,26/5/12,9:00,75,15,23,118,110,MC5,DENMARK,DEN,-10 Laps,1,-10 Laps,M,C5
2018-Ostend_Wcup,6/5/18,9:02,64,8,10,44,318,MC1,USA,USA,-2 Laps,1,-2 Laps,M,C1
2012-Segovia-Wcup,17/6/12,11:00,60,5,8,4,361,MC1,DENMARK,DEN,-2 Laps,1,-2 Laps,M,C1
2015-Nottwil-Wch,1/8/15,8:00,56,8,11,41,514,MC1,AUT,AUSTRIA,-2 Laps,1,-2 Laps,M,C1
2018-Ostend_Wcup,6/5/18,9:02,64,8,11,43,612,MC1,POR,INDIVIDUAL,-2 Laps,1,-2 Laps,M,C1
2012-Rome-Wcup,27/5/12,9:00,55,11,6,12,634,MC1,GERMANY,GER,-2 Laps,1,-2 Laps,M,C1
2018-Ostend_Wcup,6/5/18,9:02,64,8,9,31,643,MC1,AUT,AUSTRIA,-2 Laps,1,-2 Laps,M,C1
2015-PMB-Wcup,13/9/15,8:02,55.4,9,9,35,14,MC2,GHA,GHANA,-2 Laps,1,-2 Laps,M,C2
2018-Ostend_Wcup,6/5/18,9:02,64,8,23,74,56,MC2,SUI,SWITZERLAND,-2 Laps,1,-2 Laps,M,C2
2018-Emmen-Wcup,8/7/18,16:45,63,10,23,69,134,MC2,NED,INDIVIDUAL,-2 Laps,1,-2 Laps,M,C2
2015-Nottwil-Wch,1/8/15,8:00,56,8,23,77,374,MC2,ROU,ROMANIA,-2 Laps,1,-2 Laps,M,C2
2016-Ostend-Wcup,22/5/16,9:02,66.8,8,19,68,426,MC2,GRE,INDEPENDANT,-2 Laps,1,-2 Laps,M,C2
2017-Maniago-Wcup,14/5/18,9:02,71,10,15,61,477,MC2,FRA,INDIVIDUAL,-2 Laps,1,-2 Laps,M,C2
2015-Nottwil-Wch,1/8/15,8:00,56,8,22,75,564,MC2,MAS,MALAYSIA,-2 Laps,1,-2 Laps,M,C2
2014-Segovia_Wcup,27/7/14,11:02,64,8,18,74,578,MC2,INDEPENDANT,ITA,-2 Laps,1,-2 Laps,M,C2
2016-Ostend-Wcup,22/5/16,9:02,66.8,8,20,67,586,MC2,GER,INDEPENDANT,-2 Laps,1,-2 Laps,M,C2
2017-Maniago-Wcup,14/5/18,9:02,71,10,14,51,598,MC2,BEL,INDIVIDUAL,-2 Laps,1,-2 Laps,M,C2
2017-PMB-WCh,3/9/17,8:00,60.7,10,16,55,600,MC2,RSA,SOUTH AFRICA,-2 Laps,1,-2 Laps,M,C2
2016-PMB-Wcup,8/5/16,14:47,61.5,10,4,16,600,MC2,RSA,SOUTH AFRICA,-2 Laps,1,-2 Laps,M,C2
2017-PMB-WCh,3/9/17,8:00,60.7,10,15,56,608,MC2,RSA,SOUTH AFRICA,-2 Laps,1,-2 Laps,M,C2
2015-PMB-Wcup,13/9/15,8:02,55.4,9,12,58,404,MC3,RSA,INDEPENDANT,-2 Laps,1,-2 Laps,M,C3
2015-PMB-Wcup,13/9/15,8:02,55.4,9,11,62,496,MC3,USA,INDEPENDANT,-2 Laps,1,-2 Laps,M,C3
2012-Rome-Wcup,27/5/12,9:00,55,11,13,63,544,MC3,INDEPENDANT,IRL,-2 Laps,1,-2 Laps,M,C3
2013-Matane-Wcup,25/3/13,10:30,83,10,13,102,67,MC4,CANADA,CAN,-2 Laps,1,-2 Laps,M,C4
2016-PMB-Wcup,8/5/16,14:47,67.7,11,4,33,114,MC4,RSA,SOUTH AFRICA,-2 Laps,1,-2 Laps,M,C4
2012-Rome-Wcup,26/5/12,9:00,75,15,13,80,189,MC4,AUSTRIA,AUT,-2 Laps,1,-2 Laps,M,C4
2014-Segovia_Wcup,27/7/14,16:00,80,10,19,127,372,MC4,INDEPENDANT,ESP,-2 Laps,1,-2 Laps,M,C4
2016-Basque-WCup-V2,17/7/16,11:45,80,8,12,115,377,MC4,POR,INDEPENDANT,-2 Laps,1,-2 Laps,M,C4
2017-Ostend-Wcup,21/5/17,9:00,80,10,16,122,377,MC4,POR,INDIVIDUAL,-2 Laps,1,-2 Laps,M,C4
2013-Matane-Wcup,25/3/13,10:30,83,10,14,112,394,MC4,RUSSIA,RUS,-2 Laps,1,-2 Laps,M,C4
2014-Segovia_Wcup,27/7/14,16:00,80,10,20,147,429,MC4,INDEPENDANT,ESP,-2 Laps,1,-2 Laps,M,C4
2018-BaieComeau-Wcup,19/8/18,10:15,85.1,9,9,82,474,MC4,CAN,INDIVIDUAL,-2 Laps,1,-2 Laps,M,C4
2012-Rome-Wcup,26/5/12,9:00,75,15,13,89,523,MC4,INDEPENDANT,FRA,-2 Laps,1,-2 Laps,M,C4
2012-Rome-Wcup,26/5/12,9:00,75,15,14,89,523,MC4,INDEPENDANT,FRA,-2 Laps,1,-2 Laps,M,C4
2013-Baie-Comeau-Wcha,1/9/13,10:30,80,7,18,115,588,MC4,MALAYSIA,MAS,-2 Laps,1,-2 Laps,M,C4
2016-PMB-Wcup,8/5/16,14:47,67.7,11,5,34,604,MC4,RSA,SOUTH AFRICA,-2 Laps,1,-2 Laps,M,C4
2014-Segovia_Wcup,27/7/14,16:00,80,10,22,173,37,MC5,GREECE,GRE,-2 Laps,1,-2 Laps,M,C5
2015-PMB-Wcup,13/9/15,8:00,73.8,12,7,94,110,MC5,DEN,INDEPENDANT,-2 Laps,1,-2 Laps,M,C5
2014-Segovia_Wcup,27/7/14,16:00,80,10,23,166,444,MC5,INDEPENDANT,ESP,-2 Laps,1,-2 Laps,M,C5
2015-Nottwil-Wch,1/8/15,16:00,77.5,5,13,163,498,MC5,POR,PORTUGAL,-2 Laps,1,-2 Laps,M,C5
2017-Ostend-Wcup,21/5/17,9:00,80,10,18,142,620,MC5,GBR,INDIVIDUAL,-2 Laps,1,-2 Laps,M,C5
2017-Emmen-Wcup,2/7/17,9:00,85.2,12,14,153,626,MC5,HUN,HUNGARY,-2 Laps,1,-2 Laps,M,C5
2017-Maniago-Wcup,13/5/17,9:00,28.4,4,7,324,193,MT1,FRA,INDIVIDUAL,-2 Laps,1,-2 Laps,M,T1
2014-Segovia_Wcup,27/7/14,11:02,64,8,5,383,101,WC2,INDEPENDANT,ESP,-2 Laps,1,-2 Laps,W,C2
2017-Maniago-Wcup,14/5/18,12:15,56.8,8,5,362,155,WC2,GRE,INDIVIDUAL,-2 Laps,1,-2 Laps,W,C2
2017-Maniago-Wcup,14/5/18,12:15,56.8,8,4,364,269,WC2,SRB,SERBIE,-2 Laps,1,-2 Laps,W,C2
2014-Segovia_Wcup,27/7/14,11:02,64,8,4,384,344,WC2,INDEPENDANT,ESP,-2 Laps,1,-2 Laps,W,C2
2014-Segovia_Wcup,27/7/14,11:02,64,8,6,381,421,WC2,ARGENTINA,ARG,-2 Laps,1,-2 Laps,W,C2
2018-Emmen-Wcup,8/7/18,12:00,50.4,8,4,403,470,WC2,FRA,INDIVIDUAL,-2 Laps,1,-2 Laps,W,C2
2014-Castiglione-Wcup,11/5/14,11:32,65.1,8,6,352,15,WC4,INDEPENDANT,FRA,-2 Laps,1,-2 Laps,W,C4
2018-Ostend_Wcup,6/5/18,12:15,56,7,7,447,152,WC4,GER,GERMANY,-2 Laps,1,-2 Laps,W,C4
2017-Emmen-Wcup,2/7/17,12:32,71,10,7,386,177,WC4,RUS,INDIVIDUAL,-2 Laps,1,-2 Laps,W,C4
2015-Maniago_Wcup,6/6/15,9:02,21.3,3,5,435,346,WT1,SLOVAKIA,SLO,-2 Laps,1,-2 Laps,W,T1
2015-Elzach_Wcup,26/7/15,9:00,27.6,6,6,452,148,WT2,CANADA,CAN,-2 Laps,1,-2 Laps,W,T2
2017-Emmen-Wcup,2/7/17,9:02,71,10,13,36,167,MC1,COL,INDIVIDUAL,-3 Laps,1,-3 Laps,M,C1
2017-Maniago-Wcup,14/5/18,9:02,71,10,8,41,452,MC1,ITA,ITALY,-3 Laps,1,-3 Laps,M,C1
2016-Basque-WCup-V2,17/7/16,8:32,60,6,9,36,500,MC1,ESP,INDEPENDANT,-3 Laps,1,-3 Laps,M,C1
2017-Maniago-Wcup,14/5/18,9:02,71,10,7,34,643,MC1,AUT,AUSTRIA,-3 Laps,1,-3 Laps,M,C1
2018-Ostend_Wcup,6/5/18,9:02,64,8,24,69,631,MC2,NED,INDIVIDUAL,-3 Laps,1,-3 Laps,M,C2
2015-Maniago_Wcup,7/6/15,12:15,85.2,12,21,72,27,MC3,INDEPENDANT,IND,-3 Laps,1,-3 Laps,M,C3
2014-Greenville-Wch,31/8/14,8:00,71.4,7,21,92,63,MC3,BELGIUM,BEL,-3 Laps,1,-3 Laps,M,C3
2017-PMB-WCh,3/9/17,8:00,60.7,10,16,82,274,MC3,IND,INDIA,-3 Laps,1,-3 Laps,M,C3
2016-Basque-WCup-V2,17/7/16,11:47,70,7,13,91,468,MC3,USA,INDEPENDANT,-3 Laps,1,-3 Laps,M,C3
2013-Matane-Wcup,25/3/13,10:30,83,10,13,96,552,MC3,BRAZIL,BRA,-3 Laps,1,-3 Laps,M,C3
2017-Maniago-Wcup,14/5/18,9:02,71,10,16,101,580,MC3,CZE,CZECH REPUBLIC,-3 Laps,1,-3 Laps,M,C3
2017-PMB-WCh,3/9/17,10:30,85,14,14,114,65,MC4,RSA,SOUTH AFRICA,-3 Laps,1,-3 Laps,M,C4
2016-PMB-Wcup,8/5/16,14:47,67.7,11,6,32,65,MC4,RSA,SOUTH AFRICA,-3 Laps,1,-3 Laps,M,C4
2016-Ostend-Wcup,22/5/16,9:00,83.5,10,11,118,162,MC4,FRA,INDEPENDANT,-3 Laps,1,-3 Laps,M,C4
2016-Basque-WCup-V2,17/7/16,11:45,80,8,13,113,183,MC4,POR,INDEPENDANT,-3 Laps,1,-3 Laps,M,C4
2016-Basque-WCup-V2,17/7/16,11:45,80,8,14,114,338,MC4,POR,INDEPENDANT,-3 Laps,1,-3 Laps,M,C4
2017-Maniago-Wcup,14/5/18,9:00,85.2,12,15,121,394,MC4,RUS,RUSSIA,-3 Laps,1,-3 Laps,M,C4
2017-Maniago-Wcup,14/5/18,9:00,85.2,12,14,152,35,MC5,ITA,INDIVIDUAL,-3 Laps,1,-3 Laps,M,C5
2017-Maniago-Wcup,14/5/18,9:00,85.2,12,15,143,200,MC5,BRA,BRAZIL,-3 Laps,1,-3 Laps,M,C5
2016-Basque-WCup-V2,17/7/16,11:45,80,8,17,129,256,MC5,ESP,INDEPENDANT,-3 Laps,1,-3 Laps,M,C5
2016-Basque-WCup-V2,17/7/16,11:45,80,8,16,145,369,MC5,VEN,VENEZUELA,-3 Laps,1,-3 Laps,M,C5
2016-Basque-WCup-V2,17/7/16,11:45,80,8,18,131,442,MC5,ESP,INDEPENDANT,-3 Laps,1,-3 Laps,M,C5
2016-Ostend-Wcup,22/5/16,9:00,83.5,10,18,140,546,MC5,DEN,DENMARK,-3 Laps,1,-3 Laps,M,C5
2017-Maniago-Wcup,13/5/17,9:00,28.4,4,11,340,551,MT2,SRB,SERBIE,-3 Laps,1,-3 Laps,M,T2
2018-Ostend_Wcup,6/5/18,12:17,48,6,6,413,155,WC2,GRE,INDIVIDUAL,-3 Laps,1,-3 Laps,W,C2
2014-Segovia_Wcup,27/7/14,11:02,64,8,7,386,174,WC2,JAPAN,JPN,-3 Laps,1,-3 Laps,W,C2
2012-Rome-Wcup,26/5/12,9:02,40,8,6,330,489,WC2,AUSTRIA,AUT,-3 Laps,1,-3 Laps,W,C2
2017-Ostend-Wcup,21/5/17,11:15,48,6,4,373,32,WC3,MAS,MALAYSIA,-3 Laps,1,-3 Laps,W,C3
2018-Emmen-Wcup,8/7/18,12:00,63,10,6,422,291,WC4,DEN,DENMARK,-3 Laps,1,-3 Laps,W,C4
2016-Ostend-Wcup,22/5/16,12:15,58.45,7,8,390,490,WC4,ITA,INDEPENDANT,-3 Laps,1,-3 Laps,W,C4
2012-Rome-Wcup,27/5/12,9:00,55,11,11,15,47,MC1,USA,USA,-4 Laps,1,-4 Laps,M,C1
2015-Elzach_Wcup,26/7/15,10:32,55.2,12,8,39,201,MC1,INDEPENDANT,MNE,-4 Laps,1,-4 Laps,M,C1
2016-Ostend-Wcup,22/5/16,9:02,66.8,8,10,43,313,MC1,CHN,CHINA,-4 Laps,1,-4 Laps,M,C1
2012-Rome-Wcup,27/5/12,9:00,55,11,8,1,324,MC1,ARGENTINA,ARG,-4 Laps,1,-4 Laps,M,C1
2017-Maniago-Wcup,14/5/18,9:02,71,10,9,31,324,MC1,ARG,ARGENTINA,-4 Laps,1,-4 Laps,M,C1
2012-Rome-Wcup,27/5/12,9:00,55,11,10,4,354,MC1,CANADA,CAN,-4 Laps,1,-4 Laps,M,C1
2012-Rome-Wcup,27/5/12,9:00,55,11,9,2,514,MC1,AUSTRIA,AUT,-4 Laps,1,-4 Laps,M,C1
2017-Ostend-Wcup,21/5/17,9:02,64,8,14,33,514,MC1,AUT,AUSTRIA,-4 Laps,1,-4 Laps,M,C1
2016-Basque-WCup-V2,17/7/16,8:32,60,6,10,34,606,MC1,BEL,INDEPENDANT,-4 Laps,1,-4 Laps,M,C1
2012-Rome-Wcup,27/5/12,9:00,55,11,12,16,639,MC1,USA,USA,-4 Laps,1,-4 Laps,M,C1
2012-Rome-Wcup,27/5/12,9:00,55,11,7,3,643,MC1,AUSTRIA,AUT,-4 Laps,1,-4 Laps,M,C1
2012-Rome-Wcup,27/5/12,9:00,55,11,16,22,55,MC2,CANADA,CAN,-4 Laps,1,-4 Laps,M,C2
2018-Ostend_Wcup,6/5/18,9:02,64,8,25,53,171,MC2,BEL,INDIVIDUAL,-4 Laps,1,-4 Laps,M,C2
2017-Maniago-Wcup,14/5/18,9:02,71,10,17,59,187,MC2,ESP,INDIVIDUAL,-4 Laps,1,-4 Laps,M,C2
2017-Maniago-Wcup,14/5/18,9:02,71,10,16,67,374,MC2,ROU,ROMANIA,-4 Laps,1,-4 Laps,M,C2
2012-Rome-Wcup,27/5/12,9:00,55,11,17,23,427,MC2,CANADA,CAN,-4 Laps,1,-4 Laps,M,C2
2016-Ostend-Wcup,22/5/16,9:02,66.8,8,21,71,578,MC2,ITA,INDEPENDANT,-4 Laps,1,-4 Laps,M,C2
2015-Maniago_Wcup,7/6/15,12:15,85.2,12,22,86,90,MC3,INDEPENDANT,IND,-4 Laps,1,-4 Laps,M,C3
2013-Matane-Wcup,25/3/13,10:30,83,10,14,88,283,MC3,GREAT BRITAIN,GBR,-4 Laps,1,-4 Laps,M,C3
2012-Rome-Wcup,27/5/12,9:00,55,11,14,55,537,MC3,DENMARK,DEN,-4 Laps,1,-4 Laps,M,C3
2017-Emmen-Wcup,2/7/17,12:30,71,10,17,85,580,MC3,CZE,INDIVIDUAL,-4 Laps,1,-4 Laps,M,C3
2016-Ostend-Wcup,22/5/16,9:00,83.5,10,12,121,230,MC4,GER,INDEPENDANT,-4 Laps,1,-4 Laps,M,C4
2017-Emmen-Wcup,2/7/17,9:00,85.2,12,14,127,271,MC4,USA,USA,-4 Laps,1,-4 Laps,M,C4
2015-Maniago_Wcup,7/6/15,9:00,85.2,12,16,139,30,MC5,INDEPENDANT,IND,-4 Laps,1,-4 Laps,M,C5
2016-Basque-WCup-V2,17/7/16,11:45,80,8,19,144,498,MC5,POR,INDEPENDANT,-4 Laps,1,-4 Laps,M,C5
2012-Rome-Wcup,26/5/12,9:02,40,8,7,334,269,WC2,SERBIE,SRB,-4 Laps,1,-4 Laps,W,C2
2018-Ostend_Wcup,6/5/18,12:15,56,7,8,444,291,WC4,DEN,DENMARK,-4 Laps,1,-4 Laps,W,C4
2017-PMB-WCh,3/9/17,8:00,60.7,10,17,50,3,MC2,IND,INDIA,-5 Laps,1,-5 Laps,M,C2
2018-Ostend_Wcup,6/5/18,9:02,64,8,26,75,17,MC2,UAE,UNITED ARAB,-5 Laps,1,-5 Laps,M,C2
2017-Ostend-Wcup,21/5/17,9:02,64,8,21,102,482,MC2,USA,INDIVIDUAL,-5 Laps,1,-5 Laps,M,C2
2017-Emmen-Wcup,2/7/17,9:02,71,10,20,53,617,MC2,BEL,INDIVIDUAL,-5 Laps,1,-5 Laps,M,C2
2017-PMB-WCh,3/9/17,8:00,60.7,10,17,83,299,MC3,IND,INDIA,-5 Laps,1,-5 Laps,M,C3
2015-Maniago_Wcup,7/6/15,12:15,85.2,12,23,97,468,MC3,INDEPENDANT,IND,-5 Laps,1,-5 Laps,M,C3
2018-Ostend_Wcup,6/5/18,9:00,80,10,17,125,50,MC4,ESP,INDIVIDUAL,-5 Laps,1,-5 Laps,M,C4
2015-PMB-Wcup,13/9/15,8:00,73.8,12,11,76,65,MC4,RSA,INDEPENDANT,-5 Laps,1,-5 Laps,M,C4
2016-Basque-WCup-V2,17/7/16,11:45,80,8,17,104,94,MC4,ESP,INDEPENDANT,-5 Laps,1,-5 Laps,M,C4
2017-Emmen-Wcup,2/7/17,9:00,85.2,12,15,123,99,MC4,POR,INDIVIDUAL,-5 Laps,1,-5 Laps,M,C4
2016-Ostend-Wcup,22/5/16,9:00,83.5,10,13,125,301,MC4,SLO,SLOVENIA,-5 Laps,1,-5 Laps,M,C4
2018-Ostend_Wcup,6/5/18,9:00,80,10,16,122,367,MC4,BEL,INDIVIDUAL,-5 Laps,1,-5 Laps,M,C4
2016-Basque-WCup-V2,17/7/16,11:45,80,8,18,107,423,MC4,ESP,INDEPENDANT,-5 Laps,1,-5 Laps,M,C4
2016-Basque-WCup-V2,17/7/16,11:45,80,8,15,102,548,MC4,CRC,COSTA RICA,-5 Laps,1,-5 Laps,M,C4
2016-Basque-WCup-V2,17/7/16,11:45,80,8,16,116,569,MC4,POR,INDEPENDANT,-5 Laps,1,-5 Laps,M,C4
2016-PMB-Wcup,8/5/16,14:47,67.7,11,3,40,222,MC5,AUT,AUSTRIA,-5 Laps,1,-5 Laps,M,C5
2017-Emmen-Wcup,2/7/17,9:00,85.2,12,15,144,442,MC5,ESP,INDIVIDUAL,-5 Laps,1,-5 Laps,M,C5
2017-Emmen-Wcup,2/7/17,9:00,85.2,12,17,148,443,MC5,FRA,INDIVIDUAL,-5 Laps,1,-5 Laps,M,C5
2015-Maniago_Wcup,7/6/15,9:00,85.2,12,17,137,498,MC5,PORTUGAL,POR,-5 Laps,1,-5 Laps,M,C5
2017-Emmen-Wcup,2/7/17,9:00,85.2,12,16,145,567,MC5,ESP,INDIVIDUAL,-5 Laps,1,-5 Laps,M,C5
2016-Ostend-Wcup,22/5/16,9:00,83.5,10,19,150,572,MC5,GRE,INDEPENDANT,-5 Laps,1,-5 Laps,M,C5
2015-Nottwil-Wch,1/8/15,8:00,56,8,12,50,201,MC1,MNE,MONTENEGRO,-6 Laps,1,-6 Laps,M,C1
2015-Maniago_Wcup,7/6/15,9:02,63.9,9,10,40,457,MC1,SERBIE,SER,-6 Laps,1,-6 Laps,M,C1
2017-Maniago-Wcup,14/5/18,9:02,71,10,10,33,514,MC1,AUT,AUSTRIA,-6 Laps,1,-6 Laps,M,C1
2018-Ostend_Wcup,6/5/18,9:02,64,8,12,34,606,MC1,BEL,INDIVIDUAL,-6 Laps,1,-6 Laps,M,C1
2017-Ostend-Wcup,21/5/17,9:02,64,8,15,37,606,MC1,BEL,INDIVIDUAL,-6 Laps,1,-6 Laps,M,C1
2012-Rome-Wcup,27/5/12,9:00,55,11,18,35,483,MC2,MALAYSIA,MAS,-6 Laps,1,-6 Laps,M,C2
2017-Maniago-Wcup,14/5/18,9:02,71,10,18,65,578,MC2,ITA,INDIVIDUAL,-6 Laps,1,-6 Laps,M,C2
2017-Maniago-Wcup,14/5/18,9:02,71,10,17,87,158,MC3,CRO,INDIVIDUAL,-6 Laps,1,-6 Laps,M,C3
2017-Maniago-Wcup,14/5/18,9:02,71,10,18,100,496,MC3,USA,INDIVIDUAL,-6 Laps,1,-6 Laps,M,C3
2012-Rome-Wcup,26/5/12,9:00,75,15,20,135,217,MC5,POLAND,POL,-6 Laps,1,-6 Laps,M,C5
2018-Ostend_Wcup,6/5/18,9:00,80,10,20,153,479,MC5,BEL,BELGIUM,-6 Laps,1,-6 Laps,M,C5
2017-Emmen-Wcup,2/7/17,9:02,71,10,14,34,606,MC1,BEL,INDIVIDUAL,-7 Laps,1,-7 Laps,M,C1
2017-Maniago-Wcup,14/5/18,9:02,71,10,19,71,17,MC2,UAE,UNITED ARAB,-7 Laps,1,-7 Laps,M,C2
2017-Maniago-Wcup,14/5/18,9:02,71,10,20,69,457,MC2,SRB,SERBIE,-7 Laps,1,-7 Laps,M,C2
2015-Maniago_Wcup,7/6/15,12:15,85.2,12,25,87,121,MC3,INDEPENDANT,IND,-7 Laps,1,-7 Laps,M,C3
2015-Maniago_Wcup,7/6/15,12:15,85.2,12,24,95,347,MC3,SERBIE,SER,-7 Laps,1,-7 Laps,M,C3
2017-Maniago-Wcup,14/5/18,9:00,85.2,12,17,157,498,MC5,POR,INDIVIDUAL,-7 Laps,1,-7 Laps,M,C5
2017-Maniago-Wcup,14/5/18,9:00,85.2,12,16,158,559,MC5,SRB,SERBIE,-7 Laps,1,-7 Laps,M,C5
2012-Rome-Wcup,27/5/12,9:00,55,11,13,14,199,MC1,SERBIE,SRB,-8 Laps,1,-8 Laps,M,C1
2017-Maniago-Wcup,14/5/18,9:02,71,10,11,35,606,MC1,BEL,INDIVIDUAL,-8 Laps,1,-8 Laps,M,C1
2012-Rome-Wcup,27/5/12,9:00,55,11,15,69,610,MC3,SERBIE,SRB,-8 Laps,1,-8 Laps,M,C3
2012-Rome-Wcup,26/5/12,9:00,75,15,21,136,219,MC5,POLAND,POL,-8 Laps,1,-8 Laps,M,C5
2011-Segovia-WCup,12/6/11,NA,74,NA,DNF,NA,333,MC4,RUS,RUSSIA,NA,0,NA,M,C4
2011-Segovia-WCup,12/6/11,NA,74,NA,DNF,NA,497,MC4,ESP,INDEPENDANT,NA,0,NA,M,C4
2011-Segovia-WCup,12/6/11,NA,74,NA,DNF,NA,523,MC4,FRA,INDEPENDANT,NA,0,NA,M,C4
2015-Elzach_Wcup,26/7/15,10:32,55.2,12,DNF,37,47,MC1,USA,USA,NA,0,NA,M,C1
2015-Maniago_Wcup,7/6/15,9:02,63.9,9,DNF,37,61,MC1,INDEPENDANT,IND,NA,0,NA,M,C1
2014-Castiglione-Wcup,11/5/14,11:32,65.1,8,DNF,42,201,MC1,MONTENEGRO,MNE,NA,0,NA,M,C1
2017-Emmen-Wcup,2/7/17,9:02,71,10,DNF,40,342,MC1,ITA,ITALY,NA,0,NA,M,C1
2013-Matane-Wcup,25/3/13,8:00,66.4,8,DNF,3,354,MC1,INDEPENDANT,CAN,NA,0,NA,M,C1
2011-Roskilde-Wchamp,10/9/11,16:00,61.5,4,DNF,8,364,MC1,SPA,SPAIN,NA,0,NA,M,C1
2012-Baie-Comeau-Wcup,8/7/12,10:02,57.2,5,DNF,2,371,MC1,CANADA,CAN,NA,0,NA,M,C1
2012-Rome-Wcup,27/5/12,9:00,55,11,DNF,13,452,MC1,ITALY,ITA,NA,0,NA,M,C1
2018-Maniago-Wch,5/8/18,9:04,68,5,DNF,44,471,MC1,BRA,BRAZIL,NA,0,NA,M,C1
2015-Maniago_Wcup,7/6/15,9:02,63.9,9,DNF,34,521,MC1,INDEPENDANT,IND,NA,0,NA,M,C1
2018-Ostend_Wcup,6/5/18,9:02,64,8,DNS,35,541,MC1,GBR,GREAT BRITAIN,NA,0,NA,M,C1
2017-Maniago-Wcup,14/5/18,9:02,71,10,DNF,32,575,MC1,AUS,AUSTRALIA,NA,0,NA,M,C1
2018-Ostend_Wcup,6/5/18,9:02,64,8,DNS,33,603,MC1,BEL,INDIVIDUAL,NA,0,NA,M,C1
2014-Castiglione-Wcup,11/5/14,11:32,65.1,8,DNF,33,606,MC1,INDEPENDANT,BEL,NA,0,NA,M,C1
2012-Baie-Comeau-Wcup,8/7/12,10:02,57.2,5,DNS,4,639,MC1,USA,USA,NA,0,NA,M,C1
2011-Roskilde-Wchamp,10/9/11,16:00,61.5,4,DNF,3,643,MC1,AUS,AUSTRIA,NA,0,NA,M,C1
2018-Maniago-Wch,5/8/18,9:03,68,5,DNF,94,17,MC2,UAE,UNITED ARAB,NA,0,NA,M,C2
2011-Roskilde-Wchamp,10/9/11,16:00,61.5,4,DNF,26,33,MC2,FRA,FRANCE,NA,0,NA,M,C2
2018-Maniago-Wch,5/8/18,9:03,68,5,DNF,79,43,MC2,CZE,CZECH REPUBLIC,NA,0,NA,M,C2
2011-Roskilde-Wchamp,10/9/11,16:00,61.5,4,DNF,41,54,MC2,DEN,DENMARK,NA,0,NA,M,C2
2011-Roskilde-Wchamp,10/9/11,16:00,61.5,4,DNF,21,55,MC2,CAN,CANADA,NA,0,NA,M,C2
2013-Baie-Comeau-Wcha,1/9/13,8:00,57.2,3,DNF,23,55,MC2,CANADA,CAN,NA,0,NA,M,C2
2011-SydneyWCup,5/5/11,8:30,53.7,NA,DNS,13,55,MC2,CAN,CAN,NA,0,NA,M,C2
2012-Rome-Wcup,27/5/12,9:00,55,11,DNF,20,95,MC2,BRAZIL,BRA,NA,0,NA,M,C2
2018-Maniago-Wch,5/8/18,9:03,68,5,DNF,74,133,MC2,BRA,BRAZIL,NA,0,NA,M,C2
2016-Ostend-Wcup,22/5/16,9:02,66.8,8,DNF,60,151,MC2,ESP,SPAIN,NA,0,NA,M,C2
2013-Segovia-Wcup,8/7/13,11:00,60,5,DNS,43,163,MC2,INDEPENDANT,ESP,NA,0,NA,M,C2
2011-Roskilde-Wchamp,10/9/11,16:00,61.5,4,DNF,25,181,MC2,SPA,SPAIN,NA,0,NA,M,C2
2011-Baie-ComeauWCup,10/7/11,8:00,57,5,DNF,24,186,MC2,VEN,VENEZUELA,NA,0,NA,M,C2
2014-Segovia_Wcup,27/7/14,11:02,64,8,DNF,81,186,MC2,VENEZUELA,VEN,NA,0,NA,M,C2
2017-PMB-WCh,3/9/17,8:00,60.7,10,DNF,60,186,MC2,VEN,VENEZUELA,NA,0,NA,M,C2
2016-Basque-WCup-V2,17/7/16,8:32,60,6,DNF,63,198,MC2,RUS,RUSSIA,NA,0,NA,M,C2
2014-Greenville-Wch,31/8/14,8:02,61.2,6,DNF,81,268,MC2,DOMINICAN REPUBLIC,DOM,NA,0,NA,M,C2
2013-Matane-Wcup,25/3/13,8:00,66.4,8,DNF,21,280,MC2,USA,USA,NA,0,NA,M,C2
2017-Emmen-Wcup,2/7/17,9:02,71,10,DSQ,54,290,MC2,CZE,INDIVIDUAL,NA,0,NA,M,C2
2017-Emmen-Wcup,2/7/17,9:02,71,10,DNF,59,303,MC2,FRA,FRANCE,NA,0,NA,M,C2
2015-Elzach_Wcup,26/7/15,10:32,55.2,12,DNF,59,303,MC2,INDEPENDANT,FRA,NA,0,NA,M,C2
2016-Ostend-Wcup,22/5/16,9:02,66.8,8,DNF,58,314,MC2,CHN,CHINA,NA,0,NA,M,C2
2015-Nottwil-Wch,1/8/15,8:00,56,8,DNF,73,326,MC2,IRL,IRELAND,NA,0,NA,M,C2
2015-Yverdon-Wcup,16/6/15,9:00,43.59,3,DNF,60,327,MC2,ITA,ITALY,NA,0,NA,M,C2
2011-Segovia-WCup,12/6/11,NA,55.5,NA,DNF,70,327,MC2,ITA,ITALY,NA,0,NA,M,C2
2015-Maniago_Wcup,7/6/15,9:02,63.9,9,DNF,55,327,MC2,ITALY,ITA,NA,0,NA,M,C2
2014-Greenville-Wch,31/8/14,8:02,61.2,6,DNF,71,327,MC2,ITALY,ITA,NA,0,NA,M,C2
2013-Baie-Comeau-Wcha,1/9/13,8:00,57.2,3,DNF,34,327,MC2,ITALY,ITA,NA,0,NA,M,C2
2012-Rome-Wcup,27/5/12,9:00,55,11,DNF,34,327,MC2,ITALY,ITA,NA,0,NA,M,C2
2015-Maniago_Wcup,7/6/15,9:02,63.9,9,DNF,47,349,MC2,INDEPENDANT,IND,NA,0,NA,M,C2
2014-Greenville-Wch,31/8/14,8:02,61.2,6,DNF,61,349,MC2,BELGIUM,BEL,NA,0,NA,M,C2
2015-Yverdon-Wcup,16/6/15,9:00,43.59,3,DNS,64,374,MC2,ROU,INDEPENDANT,NA,0,NA,M,C2
2011-Baie-ComeauWCup,10/7/11,8:00,57,5,DNS,19,401,MC2,RSA,SOUTH AFRICA,NA,0,NA,M,C2
2013-Matane-Wcup,25/3/13,8:00,66.4,8,DNS,11,422,MC2,INDEPENDANT,ALG,NA,0,NA,M,C2
2013-Baie-Comeau-Wcha,1/9/13,8:00,57.2,3,DNS,43,422,MC2,ALGERIA,ALG,NA,0,NA,M,C2
2018-Emmen-Wcup,8/7/18,16:45,63,10,DNF,65,426,MC2,GRE,GREECE,NA,0,NA,M,C2
2012-Baie-Comeau-Wcup,8/7/12,10:02,57.2,5,DNF,13,427,MC2,CANADA,CAN,NA,0,NA,M,C2
2012-Rome-Wcup,27/5/12,9:00,55,11,DNS,39,441,MC2,SLOVENIA,SLO,NA,0,NA,M,C2
2017-PMB-WCh,3/9/17,8:00,60.7,10,DNF,48,447,MC2,GBR,GREAT BRITAIN,NA,0,NA,M,C2
2017-Maniago-Wcup,14/5/18,9:02,71,10,DNF,62,447,MC2,GBR,GREAT BRITAIN,NA,0,NA,M,C2
2018-Maniago-Wch,5/8/18,9:03,68,5,DNS,85,455,MC2,INA,INDONESIA,NA,0,NA,M,C2
2018-Maniago-Wch,5/8/18,9:03,68,5,DNF,83,480,MC2,GBR,GREAT BRITAIN,NA,0,NA,M,C2
2017-PMB-WCh,3/9/17,8:00,60.7,10,DNF,44,481,MC2,COL,COLOMBIA,NA,0,NA,M,C2
2014-Greenville-Wch,31/8/14,8:02,61.2,6,DNF,72,483,MC2,MALAYSIA,MAS,NA,0,NA,M,C2
2018-Ostend_Wcup,6/5/18,9:02,64,8,DNS,52,509,MC2,AUT,AUSTRIA,NA,0,NA,M,C2
2011-Baie-ComeauWCup,10/7/11,8:00,57,5,DNF,23,565,MC2,SVK,SLOVAKIA,NA,0,NA,M,C2
2012-Rome-Wcup,27/5/12,9:00,55,11,DNS,40,565,MC2,SLOVAKIA,SVK,NA,0,NA,M,C2
2011-Roskilde-Wchamp,10/9/11,16:00,61.5,4,DNF,27,573,MC2,FRA,FRANCE,NA,0,NA,M,C2
2013-Segovia-Wcup,7/7/13,11:00,60,5,DNF,54,573,MC2,INDEPENDANT,FRA,NA,0,NA,M,C2
2016-PMB-Wcup,8/5/16,14:47,61.5,10,DNF,17,608,MC2,RSA,SOUTH AFRICA,NA,0,NA,M,C2
2017-Ostend-Wcup,21/5/17,9:02,64,8,DNF,67,631,MC2,NED,INDIVIDUAL,NA,0,NA,M,C2
2015-Nottwil-Wch,1/8/15,9:30,56,8,DNF,99,36,MC3,ITA,ITALY,NA,0,NA,M,C3
2015-Elzach_Wcup,25/7/15,11:00,69,15,DNF,94,41,MC3,RUSSIA,RUS,NA,0,NA,M,C3
2014-Segovia_Wcup,27/7/14,11:00,64,8,DNF,113,41,MC3,RUSSIA,RUS,NA,0,NA,M,C3
2014-Greenville-Wch,31/8/14,8:00,71.4,7,DSQ,109,41,MC3,RUSSIA,RUS,NA,0,NA,M,C3
2011-Roskilde-Wchamp,10/9/11,16:00,61.5,4,DNF,54,43,MC3,CZE,CZECH REPUBLIC,NA,0,NA,M,C3
2017-PMB-WCh,3/9/17,8:00,60.7,10,DNF,91,44,MC3,USA,USA,NA,0,NA,M,C3
2016-Ostend-Wcup,22/5/16,9:02,66.8,8,DNF,102,44,MC3,USA,USA,NA,0,NA,M,C3
2014-Castiglione-Wcup,11/5/14,11:30,81.3,10,DNS,471,44,MC3,USA,USA,NA,0,NA,M,C3
2013-Matane-Wcup,25/3/13,10:30,83,10,DNF,84,44,MC3,USA,USA,NA,0,NA,M,C3
2013-Baie-Comeau-Wcha,1/9/13,8:00,57.2,3,DNS,71,44,MC3,USA,USA,NA,0,NA,M,C3
2017-Ostend-Wcup,21/5/17,9:02,64,8,DNS,95,53,MC3,NED,INDIVIDUAL,NA,0,NA,M,C3
2017-PMB-WCh,3/9/17,8:00,60.7,10,DNF,72,63,MC3,BEL,BELGIUM,NA,0,NA,M,C3
2014-Castiglione-Wcup,11/5/14,11:30,81.3,10,DNF,451,63,MC3,BELGIUM,BEL,NA,0,NA,M,C3
2013-Baie-Comeau-Wcha,1/9/13,8:00,57.2,3,DNF,52,63,MC3,BELGIUM,BEL,NA,0,NA,M,C3
2017-Maniago-Wcup,14/5/18,9:02,71,10,DNF,86,64,MC3,CRO,INDIVIDUAL,NA,0,NA,M,C3
2014-Greenville-Wch,31/8/14,8:00,71.4,7,DSQ,98,192,MC3,FRANCE,FRA,NA,0,NA,M,C3
2012-Segovia-Wcup,17/6/12,11:00,60,5,DNF,45,225,MC3,DENMARK,DEN,NA,0,NA,M,C3
2012-Rome-Wcup,27/5/12,9:00,55,11,DNF,54,225,MC3,DENMARK,DEN,NA,0,NA,M,C3
2016-Basque-WCup-V2,17/7/16,11:47,70,7,DNF,86,261,MC3,NOR,NORWAY,NA,0,NA,M,C3
2011-Segovia-WCup,12/6/11,NA,55.5,NA,DNS,NA,261,MC3,NOR,NORWAY,NA,0,NA,M,C3
2015-Maniago_Wcup,7/6/15,12:15,85.2,12,DNF,90,261,MC3,NORWAY,NOR,NA,0,NA,M,C3
2014-Castiglione-Wcup,11/5/14,11:30,81.3,10,DNF,466,261,MC3,NORWAY,NOR,NA,0,NA,M,C3
2011-Roskilde-Wchamp,10/9/11,16:00,61.5,4,DNF,63,283,MC3,GRE,GREAT BRITAIN,NA,0,NA,M,C3
2014-Segovia_Wcup,27/7/14,11:00,64,8,DNF,100,283,MC3,INDEPENDANT,GBR,NA,0,NA,M,C3
2018-Ostend_Wcup,6/5/18,9:02,64,8,DNS,101,296,MC3,GER,INDIVIDUAL,NA,0,NA,M,C3
2018-Emmen-Wcup,8/7/18,16:45,63,10,DNF,99,296,MC3,GER,INDIVIDUAL,NA,0,NA,M,C3
2012-Rome-Wcup,27/5/12,9:00,55,11,DNF,53,302,MC3,CZECH REPUBLIC,CZE,NA,0,NA,M,C3
2016-Ostend-Wcup,22/5/16,9:02,66.8,8,DNF,90,305,MC3,FRA,INDEPENDANT,NA,0,NA,M,C3
2011-Segovia-WCup,12/6/11,NA,55.5,NA,DNS,NA,323,MC3,ESP,INDEPENDANT,NA,0,NA,M,C3
2012-Rome-Wcup,27/5/12,9:00,55,11,DNS,61,352,MC3,GREAT BRITAIN,GBR,NA,0,NA,M,C3
2014-Segovia_Wcup,27/7/14,11:00,64,8,DNF,103,358,MC3,INDEPENDANT,GER,NA,0,NA,M,C3
2013-Matane-Wcup,25/3/13,10:30,83,10,DNF,90,405,MC3,AUSTRALIA,AUS,NA,0,NA,M,C3
2011-Segovia-WCup,12/6/11,NA,55.5,NA,DNF,NA,414,MC3,RUS,RUSSIA,NA,0,NA,M,C3
2018-BaieComeau-Wcup,19/8/18,8:00,56.7,6,DNF,64,493,MC3,CAN,CANADA,NA,0,NA,M,C3
2017-PMB-WCh,3/9/17,8:00,60.7,10,DNF,74,493,MC3,CAN,CANADA,NA,0,NA,M,C3
2017-Maniago-Wcup,14/5/18,9:02,71,10,DNS,85,493,MC3,CAN,CANADA,NA,0,NA,M,C3
2017-Ostend-Wcup,21/5/17,9:02,64,8,DNS,103,496,MC3,USA,INDIVIDUAL,NA,0,NA,M,C3
2016-Basque-WCup-V2,17/7/16,11:47,70,7,DNS,92,496,MC3,USA,INDEPENDANT,NA,0,NA,M,C3
2016-Basque-WCup-V2,17/7/16,11:47,70,7,DNF,78,497,MC3,ESP,SPAIN,NA,0,NA,M,C3
2012-Rome-Wcup,27/5/12,9:00,55,11,DNF,51,505,MC3,BELGIUM,BEL,NA,0,NA,M,C3
2018-Ostend_Wcup,6/5/18,9:02,64,8,DNF,92,505,MC3,BEL,BELGIUM,NA,0,NA,M,C3
2017-PMB-WCh,3/9/17,8:00,60.7,10,DNF,73,505,MC3,BEL,BELGIUM,NA,0,NA,M,C3
2018-Ostend_Wcup,6/5/18,9:02,64,8,DNF,95,580,MC3,CZE,CZECH REPUBLIC,NA,0,NA,M,C3
2017-Ostend-Wcup,21/5/17,9:02,64,8,DNF,84,580,MC3,CZE,CZECH REPUBLIC,NA,0,NA,M,C3
2017-Maniago-Wcup,14/5/18,9:02,71,10,DNF,98,591,MC3,RUS,RUSSIA,NA,0,NA,M,C3
2013-Matane-Wcup,25/3/13,10:30,83,10,DNF,98,613,MC3,ITALY,ITA,NA,0,NA,M,C3
2011-Baie-ComeauWCup,10/7/11,10:30,79.8,7,DNF,61,11,MC4,MEX,MEXICO,NA,0,NA,M,C4
2014-Castiglione-Wcup,11/5/14,9:00,97.5,12,DNF,102,60,MC4,ITALY,ITA,NA,0,NA,M,C4
2012-Segovia-Wcup,17/6/12,16:00,72,6,DNF,78,89,MC4,INDEPENDANT,FRA,NA,0,NA,M,C4
2013-Baie-Comeau-Wcha,1/9/13,10:30,80,7,DNF,104,146,MC4,COLOMBIA,COL,NA,0,NA,M,C4
2012-Rome-Wcup,26/5/12,9:00,75,15,DNF,91,159,MC4,ITALY,ITA,NA,0,NA,M,C4
2012-Rome-Wcup,26/5/12,9:00,75,15,DNF,91,159,MC4,ITALY,ITA,NA,0,NA,M,C4
2017-PMB-WCh,3/9/17,10:30,85,14,DNF,112,159,MC4,ITA,ITALY,NA,0,NA,M,C4
2016-Ostend-Wcup,22/5/16,9:00,83.5,10,DNF,123,159,MC4,ITA,ITALY,NA,0,NA,M,C4
2015-Yverdon-Wcup,16/6/15,10:30,58.12,4,DNF,112,159,MC4,ITA,ITALY,NA,0,NA,M,C4
2013-Baie-Comeau-Wcha,1/9/13,10:30,80,7,DNF,113,159,MC4,ITALY,ITA,NA,0,NA,M,C4
2012-Rome-Wcup,26/5/12,9:00,75,15,DNF,80,189,MC4,AUSTRIA,AUT,NA,0,NA,M,C4
2012-Segovia-Wcup,17/6/12,16:00,72,6,DNF,70,240,MC4,AUSTRALIA,AUS,NA,0,NA,M,C4
2011-Roskilde-Wchamp,11/9/11,8:00,76.9,5,DNF,90,240,MC4,AUS,AUSTRALIA,NA,0,NA,M,C4
2012-Segovia-Wcup,17/6/12,16:00,72,6,DNF,82,249,MC4,NORWAY,NOR,NA,0,NA,M,C4
2015-Yverdon-Wcup,16/6/15,10:30,58.12,4,DNF,116,249,MC4,NOR,NORWAY,NA,0,NA,M,C4
2015-Nottwil-Wch,1/8/15,16:00,77.5,5,DNF,133,249,MC4,NOR,NORWAY,NA,0,NA,M,C4
2015-Elzach_Wcup,26/7/15,12:30,69,15,DNF,118,249,MC4,NORWAY,NOR,NA,0,NA,M,C4
2014-Segovia_Wcup,27/7/14,16:00,80,10,DNF,142,249,MC4,NORWAY,NOR,NA,0,NA,M,C4
2014-Greenville-Wch,31/8/14,10:30,81.6,8,DNF,126,255,MC4,CZECH REPUBLIC,CZE,NA,0,NA,M,C4
2016-Ostend-Wcup,22/5/16,9:00,83.5,10,DNF,119,264,MC4,GBR,INDEPENDANT,NA,0,NA,M,C4
2018-Maniago-Wch,5/8/18,9:00,81.6,6,DNF,149,277,MC4,CZE,CZECH REPUBLIC,NA,0,NA,M,C4
2015-Yverdon-Wcup,16/6/15,10:30,58.12,4,DNF,110,281,MC4,GER,INDEPENDANT,NA,0,NA,M,C4
2014-Castiglione-Wcup,11/5/14,9:00,97.5,12,DNF,109,301,MC4,SLOVENIA,SLO,NA,0,NA,M,C4
2018-Maniago-Wch,5/8/18,9:00,81.6,6,DNF,164,366,MC4,SVK,SLOVAKIA,NA,0,NA,M,C4
2017-PMB-WCh,3/9/17,10:30,85,14,DNF,118,366,MC4,SVK,SLOVAKIA,NA,0,NA,M,C4
2014-Greenville-Wch,31/8/14,10:30,81.6,8,DNF,140,366,MC4,SLOVAKIA,SVK,NA,0,NA,M,C4
2018-Emmen-Wcup,8/7/18,14:15,81.9,13,DNF,122,393,MC4,BEL,BELGIUM,NA,0,NA,M,C4
2016-Basque-WCup-V2,17/7/16,11:45,80,8,DNF,117,394,MC4,RUS,RUSSIA,NA,0,NA,M,C4
2016-Basque-WCup-V2,17/7/16,11:45,80,8,DNS,106,399,MC4,ESP,SPAIN,NA,0,NA,M,C4
2018-Ostend_Wcup,6/5/18,9:00,80,10,DNF,136,413,MC4,ROU,ROMANIA,NA,0,NA,M,C4
2014-Greenville-Wch,31/8/14,10:30,81.6,8,DNF,138,413,MC4,ROMANIA,ROU,NA,0,NA,M,C4
2018-Ostend_Wcup,6/5/18,9:00,80,10,DNS,128,433,MC4,GBR,INDIVIDUAL,NA,0,NA,M,C4
2017-PMB-WCh,3/9/17,10:30,85,14,DSQ,113,439,MC4,ITA,ITALY,NA,0,NA,M,C4
2017-Emmen-Wcup,2/7/17,9:00,85.2,12,DSQ,120,439,MC4,ITA,ITALY,NA,0,NA,M,C4
2016-Ostend-Wcup,22/5/16,9:00,83.5,10,DNF,124,439,MC4,ITA,ITALY,NA,0,NA,M,C4
2015-Nottwil-Wch,1/8/15,16:00,77.5,5,DNF,131,439,MC4,ITA,ITALY,NA,0,NA,M,C4
2013-Matane-Wcup,25/3/13,10:30,83,10,DNF,115,450,MC4,RUSSIA,RUS,NA,0,NA,M,C4
2018-Emmen-Wcup,8/7/18,14:15,81.9,13,DNF,133,453,MC4,POL,INDIVIDUAL,NA,0,NA,M,C4
2016-Ostend-Wcup,22/5/16,9:00,83.5,10,DNF,110,469,MC4,BEL,INDEPENDANT,NA,0,NA,M,C4
2012-Segovia-Wcup,17/6/12,16:00,72,6,DNF,72,469,MC4,BELGIUM,BEL,NA,0,NA,M,C4
2012-Rome-Wcup,26/5/12,9:00,75,15,DNF,81,469,MC4,BELGIUM,BEL,NA,0,NA,M,C4
2012-Rome-Wcup,26/5/12,9:00,75,15,DNF,81,469,MC4,BELGIUM,BEL,NA,0,NA,M,C4
2015-Maniago_Wcup,7/6/15,9:00,85.2,12,DNF,113,486,MC4,INDEPENDANT,IND,NA,0,NA,M,C4
2012-Segovia-Wcup,17/6/12,16:00,72,6,DNF,80,503,MC4,GERMANY,GER,NA,0,NA,M,C4
2017-Maniago-Wcup,14/5/18,9:00,85.2,12,DNS,116,503,MC4,GER,INDIVIDUAL,NA,0,NA,M,C4
2014-Castiglione-Wcup,11/5/14,9:00,97.5,12,DNF,98,503,MC4,GERMANY,GER,NA,0,NA,M,C4
2017-PMB-WCh,3/9/17,10:30,85,14,DNF,109,538,MC4,IND,INDIA,NA,0,NA,M,C4
2017-Emmen-Wcup,2/7/17,9:00,85.2,12,DNF,112,548,MC4,CRC,COSTA RICA,NA,0,NA,M,C4
2013-Baie-Comeau-Wcha,1/9/13,10:30,80,7,DNF,105,548,MC4,COSTA RICA,CRC,NA,0,NA,M,C4
2014-Segovia_Wcup,27/7/14,16:00,80,10,DNF,136,581,MC4,IRELAND,IRL,NA,0,NA,M,C4
2018-Maniago-Wch,5/8/18,9:00,81.6,6,DNF,160,589,MC4,POL,POLAND,NA,0,NA,M,C4
2018-Emmen-Wcup,8/7/18,14:15,81.9,13,DNF,134,589,MC4,POL,POLAND,NA,0,NA,M,C4
2016-Ostend-Wcup,22/5/16,9:00,83.5,10,DNF,120,601,MC4,GBR,GREAT BRITAIN,NA,0,NA,M,C4
2014-Greenville-Wch,31/8/14,10:30,81.6,8,DNF,158,26,MC5,COLOMBIA,COL,NA,0,NA,M,C5
2015-Yverdon-Wcup,16/6/15,10:30,58.12,4,DNF,140,34,MC5,FRA,INDEPENDANT,NA,0,NA,M,C5
2014-Segovia_Wcup,27/7/14,16:00,80,10,DNF,168,34,MC5,INDEPENDANT,FRA,NA,0,NA,M,C5
2011-Roskilde-Wchamp,11/9/11,8:00,76.9,5,DNS,133,104,MC5,BRA,BRAZIL,NA,0,NA,M,C5
2012-Rome-Wcup,26/5/12,9:00,75,15,DNF,139,109,MC5,SLOVAKIA,SVK,NA,0,NA,M,C5
2011-Roskilde-Wchamp,11/9/11,8:00,76.9,5,DNF,138,110,MC5,DEN,DENMARK,NA,0,NA,M,C5
2018-Maniago-Wch,5/8/18,9:00,81.6,6,DNF,190,114,MC5,RSA,SOUTH AFRICA,NA,0,NA,M,C5
2014-Castiglione-Wcup,11/5/14,9:00,97.5,12,DNF,134,122,MC5,INDEPENDANT,ITA,NA,0,NA,M,C5
2014-Greenville-Wch,31/8/14,10:30,81.6,8,DNF,168,136,MC5,UKRAINE,UKR,NA,0,NA,M,C5
2011-Roskilde-Wchamp,11/9/11,8:00,76.9,5,DNF,152,144,MC5,LAT,LATVIA,NA,0,NA,M,C5
2016-Basque-WCup-V2,17/7/16,11:45,80,8,DNF,143,165,MC5,POR,INDEPENDANT,NA,0,NA,M,C5
2014-Segovia_Wcup,27/7/14,16:00,80,10,DNF,153,178,MC5,AUSTRALIA,AUS,NA,0,NA,M,C5
2014-Castiglione-Wcup,11/5/14,9:00,97.5,12,DNF,130,197,MC5,GREAT BRITAIN,GBR,NA,0,NA,M,C5
2013-Baie-Comeau-Wcha,1/9/13,10:30,80,7,DNF,133,200,MC5,BRAZIL,BRA,NA,0,NA,M,C5
2015-Yverdon-Wcup,16/6/15,10:30,58.12,4,DNF,146,210,MC5,GBR,INDEPENDANT,NA,0,NA,M,C5
2015-Nottwil-Wch,1/8/15,16:00,77.5,5,DNF,154,222,MC5,AUT,AUSTRIA,NA,0,NA,M,C5
2014-Greenville-Wch,31/8/14,10:30,81.6,8,DNF,154,222,MC5,AUSTRIA,AUT,NA,0,NA,M,C5
2011-Roskilde-Wchamp,11/9/11,8:00,76.9,5,DNF,157,270,MC5,USA,USA,NA,0,NA,M,C5
2017-Maniago-Wcup,14/5/18,9:00,85.2,12,DNF,145,275,MC5,CZE,INDIVIDUAL,NA,0,NA,M,C5
2013-Segovia-Wcup,21/9/13,16:00,72,6,DNF,126,306,MC5,INDEPENDANT,FRA,NA,0,NA,M,C5
2011-Roskilde-Wchamp,11/9/11,8:00,76.9,5,DNS,136,319,MC5,CHI,CHINA,NA,0,NA,M,C5
2018-Emmen-Wcup,8/7/18,14:15,88.2,14,DNF,158,335,MC5,GER,INDIVIDUAL,NA,0,NA,M,C5
2018-Emmen-Wcup,8/7/18,14:15,88.2,14,DNF,153,343,MC5,CZE,INDIVIDUAL,NA,0,NA,M,C5
2014-Segovia_Wcup,27/7/14,16:00,80,10,DNF,160,348,MC5,COLOMBIA,COL,NA,0,NA,M,C5
2017-Maniago-Wcup,14/5/18,9:00,85.2,12,DNF,161,390,MC5,USA,USA,NA,0,NA,M,C5
2018-Emmen-Wcup,8/7/18,14:15,88.2,14,DNF,159,407,MC5,GER,INDIVIDUAL,NA,0,NA,M,C5
2016-Ostend-Wcup,22/5/16,9:00,83.5,10,DNF,141,442,MC5,ESP,INDEPENDANT,NA,0,NA,M,C5
2015-Maniago_Wcup,7/6/15,9:00,85.2,12,DNF,125,442,MC5,INDEPENDANT,IND,NA,0,NA,M,C5
2013-Segovia-Wcup,22/9/13,16:00,72,6,DNF,129,449,MC5,INDEPENDANT,ESP,NA,0,NA,M,C5
2015-Yverdon-Wcup,16/6/15,10:30,58.12,4,DNF,143,460,MC5,FRA,INDEPENDANT,NA,0,NA,M,C5
2018-Maniago-Wch,5/8/18,9:00,81.6,6,DNF,186,463,MC5,ITA,ITALY,NA,0,NA,M,C5
2012-Segovia-Wcup,17/6/12,16:00,72,6,DNF,104,491,MC5,GERMANY,GER,NA,0,NA,M,C5
2017-Maniago-Wcup,14/5/18,9:00,85.2,12,DNF,146,494,MC5,ESP,SPAIN,NA,0,NA,M,C5
2015-Maniago_Wcup,7/6/15,9:00,85.2,12,DNF,128,525,MC5,INDEPENDANT,IND,NA,0,NA,M,C5
2015-Maniago_Wcup,7/6/15,9:00,85.2,12,DNF,134,526,MC5,INDEPENDANT,IND,NA,0,NA,M,C5
2014-Segovia_Wcup,27/7/14,16:00,80,10,DNF,181,531,MC5,AUSTRALIA,AUS,NA,0,NA,M,C5
2012-Rome-Wcup,26/5/12,9:00,75,15,DNF,114,535,MC5,BRAZIL,BRA,NA,0,NA,M,C5
2013-Baie-Comeau-Wcha,1/9/13,10:30,80,7,DNF,134,535,MC5,BRAZIL,BRA,NA,0,NA,M,C5
2012-Rome-Wcup,26/5/12,9:00,75,15,DNF,131,585,MC5,ITALY,ITA,NA,0,NA,M,C5
2014-Segovia_Wcup,27/7/14,16:00,80,10,DNF,167,590,MC5,INDEPENDANT,ESP,NA,0,NA,M,C5
2015-PMB-Wcup,13/9/15,8:00,73.8,12,DNF,97,605,MC5,RSA,INDEPENDANT,NA,0,NA,M,C5
2017-Emmen-Wcup,1/7/17,10:30,28.4,4,DNF,292,236,MT1,CZE,CZECH REPUBLIC,NA,0,NA,M,T1
2018-Maniago-Wch,4/8/18,15:02,27.2,2,DNS,338,286,MT1,KOR,SOUTH KOREA,NA,0,NA,M,T1
2018-Maniago-Wch,4/8/18,15:02,27.2,2,DSQ,337,363,MT1,ITA,ITALY,NA,0,NA,M,T1
2015-Maniago_Wcup,6/6/15,9:00,28.4,4,DNS,260,467,MT1,SOUTH AFRICA,SOU,NA,0,NA,M,T1
2016-Basque-WCup-V2,16/7/16,15:15,21.6,3,DNF,283,31,MT2,COL,INDEPENDANT,NA,0,NA,M,T2
2015-Maniago_Wcup,6/6/15,9:00,28.4,4,DNF,285,72,MT2,USA,USA,NA,0,NA,M,T2
2013-Segovia-Wcup,18/8/13,13:00,24,2,DNS,233,93,MT2,INDEPENDANT,FRA,NA,0,NA,M,T2
2018-Maniago-Wch,4/8/18,15:00,40.8,3,DNF,354,102,MT2,BEL,BELGIUM,NA,0,NA,M,T2
2017-PMB-WCh,2/9/17,13:30,30.4,5,DNF,268,117,MT2,GBR,GREAT BRITAIN,NA,0,NA,M,T2
2018-Maniago-Wch,4/8/18,15:00,40.8,3,DNS,359,150,MT2,GER,GERMANY,NA,0,NA,M,T2
2014-Castiglione-Wcup,10/5/14,11:15,24.6,3,DNS,289,150,MT2,GERMANY,GER,NA,0,NA,M,T2
2013-Matane-Wcup,24/8/13,11:30,24.9,3,DNS,163,150,MT2,GERMANY,GER,NA,0,NA,M,T2
2013-Matane-Wcup,24/8/13,11:30,24.9,3,DNS,163,150,MT2,GERMANY,GER,NA,0,NA,M,T2
2015-Maniago_Wcup,6/6/15,9:00,28.4,4,DSQ,278,161,MT2,ITALY,ITA,NA,0,NA,M,T2
2013-Segovia-Wcup,19/8/13,13:00,24,2,DNS,236,161,MT2,ITALY,ITA,NA,0,NA,M,T2
2011-Segovia-WCup,12/6/11,NA,24.5,NA,DNF,NA,246,MT2,RUS,RUSSIA,NA,0,NA,M,T2
2018-Maniago-Wch,4/8/18,15:00,40.8,3,DNF,351,266,MT2,AUS,AUSTRALIA,NA,0,NA,M,T2
2013-Matane-Wcup,24/8/13,11:30,24.9,3,DNF,165,308,MT2,AUSTRALIA,AUS,NA,0,NA,M,T2
2013-Matane-Wcup,24/8/13,11:30,24.9,3,DNF,165,308,MT2,AUSTRALIA,AUS,NA,0,NA,M,T2
2014-Castiglione-Wcup,10/5/14,11:15,24.6,3,DSQ,294,317,MT2,SOUTH AFRICA,RSA,NA,0,NA,M,T2
2015-Maniago_Wcup,6/6/15,9:00,28.4,4,DNS,283,320,MT2,SLOVENIA,SLO,NA,0,NA,M,T2
2015-Nottwil-Wch,1/8/15,11:00,28,4,DNS,311,345,MT2,ROU,ROMANIA,NA,0,NA,M,T2
2015-Nottwil-Wch,1/8/15,11:00,28,4,DSQ,309,416,MT2,JPN,JAPAN,NA,0,NA,M,T2
2017-Emmen-Wcup,1/7/17,10:30,28.4,4,DNS,320,418,MT2,NED,INDIVIDUAL,NA,0,NA,M,T2
2011-Baie-ComeauWCup,9/7/11,9:30,25.9,3,DNF,168,432,MT2,USA,USA,NA,0,NA,M,T2
2018-Emmen-Wcup,7/7/18,9:30,25.2,4,DNS,369,458,MT2,ITA,INDIVIDUAL,NA,0,NA,M,T2
2017-Maniago-Wcup,13/5/17,9:00,28.4,4,DNF,333,465,MT2,ESP,SPAIN,NA,0,NA,M,T2
2012-Rome-Wcup,27/5/12,11:15,25,5,DNS,270,519,MT2,RUSSIA,RUS,NA,0,NA,M,T2
2012-Segovia-Wcup,17/6/12,13:00,24,2,DNF,225,557,MT2,GREAT BRITAIN,GBR,NA,0,NA,M,T2
2015-Nottwil-Wch,1/8/15,11:00,28,4,DNS,306,616,MT2,CZE,CZECH REPUBLIC,NA,0,NA,M,T2
2017-Emmen-Wcup,1/7/17,10:30,28.4,4,DNF,318,630,MT2,GER,INDIVIDUAL,NA,0,NA,M,T2
2015-Yverdon-Wcup,15/6/15,11:00,29.06,2,DNF,320,630,MT2,GER,INDEPENDANT,NA,0,NA,M,T2
2014-Castiglione-Wcup,10/5/14,14:30,57,7,DNF,333,412,WC2,INDEPENDANT,NED,NA,0,NA,W,C2
2018-Maniago-Wch,5/8/18,11:22,54.4,4,DNF,404,470,WC2,FRA,FRANCE,NA,0,NA,W,C2
2014-Segovia_Wcup,27/7/14,11:02,64,8,DNF,388,597,WC2,INDEPENDANT,NED,NA,0,NA,W,C2
2017-Emmen-Wcup,2/7/17,12:32,56.8,8,DNF,371,195,WC3,GBR,GREAT BRITAIN,NA,0,NA,W,C3
2017-PMB-WCh,3/9/17,8:02,60.7,10,DNF,315,152,WC4,GER,GERMANY,NA,0,NA,W,C4
2014-Segovia_Wcup,27/7/14,16:02,64,8,DNF,401,209,WC4,AUSTRALIA,AUS,NA,0,NA,W,C4
2017-Maniago-Wcup,14/5/18,12:15,71,10,DNF,383,376,WC4,CAN,CANADA,NA,0,NA,W,C4
2015-Nottwil-Wch,1/8/15,16:02,62,4,DNF,373,376,WC4,CAN,CANADA,NA,0,NA,W,C4
2013-Matane-Wcup,25/3/13,8:00,66.4,8,DNF,34,376,WC4,CANADA,CAN,NA,0,NA,W,C4
2015-Nottwil-Wch,1/8/15,16:02,62,4,DNF,374,487,WC4,CHN,CHINA,NA,0,NA,W,C4
2018-Ostend_Wcup,6/5/18,12:15,56,7,DNS,446,502,WC4,GBR,GREAT BRITAIN,NA,0,NA,W,C4
2013-Matane-Wcup,25/3/13,8:00,66.4,8,DNF,41,73,WC5,GERMANY,GER,NA,0,NA,W,C5
2014-Castiglione-Wcup,11/5/14,11:32,65.1,8,DNF,361,111,WC5,CANADA,CAN,NA,0,NA,W,C5
2016-Ostend-Wcup,22/5/16,12:15,58.45,7,DSQ,403,142,WC5,GER,INDEPENDANT,NA,0,NA,W,C5
2015-Elzach_Wcup,26/7/15,10:30,55.2,12,DNS,372,142,WC5,INDEPENDANT,GER,NA,0,NA,W,C5
2018-Maniago-Wch,5/8/18,11:20,68,5,DNF,460,214,WC5,NED,NETHERLANDS,NA,0,NA,W,C5
2012-Segovia-Wcup,17/6/12,11:02,60,5,DNF,311,307,WC5,GREAT BRITAIN,GBR,NA,0,NA,W,C5
2013-Baie-Comeau-Wcha,1/9/13,8:02,57.2,3,DNF,91,356,WC5,AUSTRALIA,AUS,NA,0,NA,W,C5
2014-Segovia_Wcup,27/7/14,16:02,64,8,DNF,427,504,WC5,SOUTH AFRICA,RSA,NA,0,NA,W,C5
2012-Rome-Wcup,27/5/12,9:02,55,11,DNF,363,506,WC5,SWITZERLAND,SUI,NA,0,NA,W,C5
2017-PMB-WCh,3/9/17,8:02,60.7,10,DNF,329,512,WC5,USA,USA,NA,0,NA,W,C5
2015-Nottwil-Wch,1/8/15,16:02,62,4,DNF,392,642,WC5,CHN,CHINA,NA,0,NA,W,C5
2018-Maniago-Wch,4/8/18,15:02,27.2,2,DNF,542,139,WT1,CZE,CZECH REPUBLIC,NA,0,NA,W,T1
2015-Yverdon-Wcup,15/6/15,11:05,14.53,1,DNS,442,139,WT1,CZE,CZECH REPUBLIC,NA,0,NA,W,T1
2018-Ostend_Wcup,5/5/18,9:02,32,4,DNS,551,190,WT1,CAN,CANADA,NA,0,NA,W,T1
2015-Yverdon-Wcup,15/6/15,11:05,14.53,1,DNF,445,346,WT1,SVK,SLOVAKIA,NA,0,NA,W,T1
2014-Castiglione-Wcup,10/5/14,11:17,24.6,3,DNF,368,464,WT1,INDEPENDANT,FRA,NA,0,NA,W,T1
2017-PMB-WCh,2/9/17,13:32,24.3,4,DNF,383,533,WT1,RUS,RUSSIA,NA,0,NA,W,T1
2018-Emmen-Wcup,7/7/18,9:30,25.2,4,DNS,532,125,WT2,CAN,INDIVIDUAL,NA,0,NA,W,T2
2018-BaieComeau-Wcup,19/8/18,13:47,28.4,3,DNF,402,125,WT2,CAN,CANADA,NA,0,NA,W,T2
2016-Ostend-Wcup,21/5/16,9:00,25.05,3,DNS,476,125,WT2,CAN,CANADA,NA,0,NA,W,T2
2015-Yverdon-Wcup,15/6/15,11:00,29.06,2,DNS,451,125,WT2,CAN,CANADA,NA,0,NA,W,T2
2012-Baie-Comeau-Wcup,7/7/12,10:02,25.9,3,DNF,221,125,WT2,CANADA,CAN,NA,0,NA,W,T2
2013-Segovia-Wcup,3/8/13,13:00,24,2,DNF,412,244,WT2,INDEPENDANT,FRA,NA,0,NA,W,T2
2018-Maniago-Wch,4/8/18,15:02,27.2,2,DNF,554,334,WT2,NZL,NEW ZEALAND,NA,0,NA,W,T2
2018-Maniago-Wch,4/8/18,15:02,27.2,2,DNS,556,522,WT2,USA,USA,NA,0,NA,W,T2
2017-PMB-WCh,2/9/17,13:32,24.3,4,DNF,404,522,WT2,USA,USA,NA,0,NA,W,T2